53	53	1	7	PF	2011-05-24 12:30:00-03	2984.76	2814.67	2019-07-02 08:03:46-03
190	190	1	7	PF	2014-10-17 11:48:00-03	4262.43	4191.86	2021-03-25 09:00:15-03
191	191	1	7	PF	2013-03-23 11:14:00-03	3266.57	3080.71	2016-09-09 20:34:15-03
203	203	1	7	PF	2016-08-03 13:13:00-03	21241.54	19461.56	2022-12-28 04:58:24-03
254	254	1	7	PF	2012-10-24 11:48:00-02	13335.70	13197.54	2013-12-20 20:20:00-02
306	306	1	7	PF	2012-05-23 09:11:00-03	22997.47	21677.88	2016-10-05 00:14:36-03
472	472	1	7	PF	2022-08-07 09:08:00-03	4178.42	4183.68	2022-12-29 21:00:00.67516-03
520	520	1	7	PF	2019-11-03 13:26:00-03	1809.81	1288.51	2022-12-29 20:59:59.753932-03
739	739	1	7	PF	2014-02-26 09:20:00-03	45.77	616.79	2022-12-29 20:59:59.789361-03
509	509	1	13	PF	2012-01-20 09:56:00-02	19159.80	19863.76	2016-06-09 19:25:04-03
688	688	1	13	PF	2017-12-05 09:03:00-02	61105.56	55917.15	2022-09-24 10:18:37-03
775	775	1	13	PF	2011-03-19 11:55:00-03	39008.68	35288.34	2021-06-25 11:12:03-03
920	920	1	13	PF	2021-01-22 10:48:00-03	2023.58	2511.30	2022-12-29 20:59:59.953426-03
954	954	1	13	PF	2012-04-15 07:23:00-03	35545.03	34545.62	2020-03-21 23:59:42-03
955	955	1	13	PF	2020-03-28 11:02:00-03	79502.07	80952.72	2022-06-04 04:26:23-03
170	170	1	14	PF	2022-12-15 13:01:00-03	926.71	335.38	2023-01-11 06:04:20.2749-03
218	218	1	14	PF	2019-10-01 13:05:00-03	180027.69	168407.88	2022-09-09 07:51:55-03
555	555	1	14	PF	2012-08-24 09:57:00-03	52691.54	54240.69	2019-04-01 18:41:58-03
741	741	1	14	PF	2012-03-03 11:17:00-03	91849.87	83480.04	2020-11-17 19:35:58-03
751	751	1	14	PF	2012-01-13 10:29:00-02	59.75	44.86	2022-07-17 14:25:28-03
953	953	1	14	PF	2015-06-11 12:05:00-03	1866.73	1827.75	2022-12-29 20:59:59.106764-03
108	108	1	23	PF	2017-04-13 09:21:00-03	1171.45	812.56	2022-12-29 20:59:59.646511-03
110	110	1	23	PF	2020-06-19 13:06:00-03	11059.76	10208.05	2022-12-29 21:00:00.199407-03
242	242	1	23	PF	2010-05-06 11:03:00-03	165102.06	163409.68	2019-08-09 20:42:11-03
844	844	1	23	PF	2022-09-19 09:48:00-03	20803.94	20373.14	2022-12-29 20:59:59.639046-03
888	888	1	23	PF	2016-04-13 08:01:00-03	91067.68	87609.82	2021-05-22 19:18:09-03
171	171	1	24	PF	2022-03-04 13:24:00-03	68520.06	66507.14	2022-12-29 21:00:00.7855-03
291	291	1	24	PF	2012-02-26 09:34:00-03	40641.12	41016.20	2022-12-08 05:47:13-03
481	481	1	24	PF	2020-04-14 13:19:00-03	86.28	74.53	2022-11-20 13:50:25-03
564	564	1	24	PF	2015-05-20 08:34:00-03	20584.69	19955.30	2017-07-18 08:54:24-03
584	584	1	24	PF	2014-11-07 09:59:00-02	1658.17	1592.70	2019-08-27 09:10:09-03
635	635	1	24	PF	2022-09-12 12:38:00-03	1534.56	1252.55	2022-12-29 21:00:00.33746-03
116	116	1	30	PF	2014-10-17 10:19:00-03	20992.18	20458.98	2022-08-12 09:32:52-03
153	153	1	30	PF	2014-09-12 13:45:00-03	14581.90	14679.19	2019-05-05 11:56:38-03
176	176	1	30	PF	2019-04-20 11:06:00-03	14244.93	12934.41	2020-12-19 10:15:50-03
199	199	1	30	PF	2019-01-10 10:24:00-02	92338.31	94200.58	2022-12-29 20:37:56-03
207	207	1	30	PF	2022-06-24 13:07:00-03	13029.24	52.13	2022-12-29 21:00:00.621813-03
275	275	1	30	PF	2020-05-02 09:18:00-03	51431.95	52418.24	2022-12-29 21:00:00.087069-03
361	361	1	30	PF	2018-01-08 12:30:00-02	16828.83	17483.74	2022-09-28 20:25:00-03
701	701	1	30	PF	2013-02-24 07:46:00-03	53.50	37.57	2020-03-30 05:05:11-03
808	808	1	30	PF	2013-08-08 11:43:00-03	33978.83	32308.15	2022-04-21 15:11:48-03
910	910	1	30	PF	2011-11-03 14:42:00-02	38140.18	38894.44	2018-11-01 20:32:33-03
290	290	1	31	PF	2016-02-19 10:30:00-02	10809.29	8075.48	2022-12-29 20:59:59.668206-03
451	451	1	31	PF	2011-08-25 08:33:00-03	14880.73	15408.80	2013-08-31 20:35:07-03
557	557	1	31	PF	2017-12-09 10:29:00-02	2841.34	2543.82	2022-12-29 20:56:57-03
617	617	1	31	PF	2016-02-17 09:37:00-02	28163.42	28107.84	2017-10-26 17:24:41-02
632	632	1	31	PF	2017-07-25 13:41:00-03	15022.80	14852.30	2022-12-29 20:59:59.732522-03
740	740	1	31	PF	2019-11-12 09:14:00-03	788.60	697.98	2022-12-29 20:50:54-03
134	134	1	34	PF	2013-06-11 08:41:00-03	19285.30	19263.65	2017-06-15 04:46:25-03
410	410	1	34	PF	2019-04-22 10:24:00-03	2612.79	2608.29	2022-12-29 21:00:00.675814-03
429	429	1	34	PF	2015-05-28 12:38:00-03	7184.02	5418.26	2022-12-29 21:00:00.433124-03
496	496	1	34	PF	2020-02-27 09:50:00-03	18.42	78.95	2022-12-29 21:00:00.869078-03
631	631	1	34	PF	2010-12-10 13:06:00-02	21223.45	22164.99	2014-05-25 12:37:54-03
878	878	1	34	PF	2012-05-16 11:13:00-03	32869.20	34449.17	2021-05-13 17:48:23-03
6	6	1	42	PF	2010-03-09 09:09:00-03	14236.27	13407.48	2016-10-02 19:42:28-03
620	620	1	42	PF	2010-06-21 13:42:00-03	29814.95	28876.55	2014-01-29 17:49:43-02
714	714	1	42	PF	2015-06-18 08:20:00-03	48216.74	43787.36	2020-07-12 01:06:16-03
877	877	1	42	PF	2013-02-11 09:31:00-02	125716.28	126887.95	2019-05-21 17:49:47-03
286	286	1	58	PF	2021-07-12 09:27:00-03	3985.90	2427.58	2022-12-29 20:52:25-03
559	559	1	58	PF	2011-02-05 12:40:00-02	31372.24	29533.51	2022-12-29 21:00:00.049372-03
911	911	1	58	PF	2011-09-22 09:17:00-03	3545.66	3563.20	2022-12-29 20:59:59.851741-03
40	40	1	62	PF	2015-04-14 11:50:00-03	461.35	164.31	2022-12-29 20:59:59.352027-03
90	90	1	62	PF	2014-05-15 10:06:00-03	109727.88	99717.27	2015-12-25 19:14:30-02
93	93	1	62	PF	2021-10-27 08:09:00-03	354.41	270.18	2022-12-29 20:59:59.036565-03
147	147	1	62	PF	2014-08-14 11:32:00-03	42405.95	41516.75	2015-11-13 15:37:41-02
486	486	1	62	PF	2015-04-23 10:18:00-03	197.36	155.72	2022-12-29 19:47:31-03
501	501	1	62	PF	2018-06-20 11:51:00-03	232815.79	211636.04	2022-12-29 21:00:00.468941-03
670	670	1	62	PF	2022-10-25 11:11:00-03	42711.76	41331.12	2022-12-29 21:00:00.718266-03
735	735	1	62	PF	2012-12-03 11:05:00-02	72474.23	67091.37	2021-04-25 20:19:48-03
805	805	1	62	PF	2011-05-08 11:35:00-03	4438.54	4510.78	2022-12-29 21:00:00.828982-03
19	19	1	67	PF	2019-10-05 10:24:00-03	2615.32	2364.85	2022-12-29 20:59:59.115282-03
106	106	1	67	PF	2010-08-14 12:55:00-03	68269.51	71851.76	2020-09-28 17:33:20-03
146	146	1	67	PF	2010-06-27 07:33:00-03	10975.19	11304.70	2014-03-23 04:15:00-03
154	154	1	67	PF	2013-10-14 08:46:00-03	81928.25	78745.64	2018-05-10 15:30:26-03
198	198	1	67	PF	2016-09-09 08:33:00-03	7893.02	7802.34	2022-12-29 19:42:22-03
200	200	1	67	PF	2015-05-17 07:24:00-03	3503.06	2941.50	2022-12-26 04:35:44-03
260	260	1	67	PF	2013-10-22 12:33:00-02	23435.39	22294.71	2022-06-06 14:43:44-03
347	347	1	67	PF	2011-02-03 14:40:00-02	83141.24	87482.30	2015-05-01 01:58:44-03
357	357	1	67	PF	2021-07-12 12:17:00-03	71.39	21.40	2022-12-29 21:00:00.925889-03
497	497	1	67	PF	2021-10-25 13:18:00-03	44788.25	45546.60	2022-12-29 20:59:59.201726-03
598	598	1	67	PF	2015-02-09 11:15:00-02	6940.73	6722.36	2022-12-29 21:00:00.545758-03
715	715	1	67	PF	2018-12-20 14:17:00-02	27057.15	23267.77	2022-12-29 21:00:00.415793-03
925	925	1	67	PF	2014-07-10 11:52:00-03	7854.30	7813.65	2022-12-29 19:10:15-03
68	68	1	72	PF	2019-08-11 08:02:00-03	66.69	54.72	2022-12-29 20:59:59.607906-03
195	195	1	72	PF	2011-03-08 10:26:00-03	28846.58	27711.57	2015-04-03 08:22:27-03
280	280	1	72	PF	2017-04-20 11:07:00-03	14666.52	13614.04	2022-09-20 17:09:54-03
284	284	1	72	PF	2020-02-18 10:51:00-03	42994.12	43554.03	2022-12-29 19:10:49-03
604	604	1	72	PF	2022-03-20 13:32:00-03	66821.99	68837.85	2022-12-29 20:59:59.290722-03
697	697	1	72	PF	2013-01-24 10:46:00-02	1323.40	1185.81	2016-09-14 09:33:25-03
831	831	1	72	PF	2016-01-22 09:28:00-02	32572.58	31390.16	2022-12-29 20:57:40-03
141	141	1	77	PF	2012-05-10 10:49:00-03	8239.80	8311.67	2015-02-24 21:30:47-03
208	208	1	77	PF	2013-05-12 10:48:00-03	99593.47	101572.38	2016-07-29 12:49:35-03
382	382	1	77	PF	2010-02-02 12:28:00-02	6992.42	6935.26	2017-02-22 09:18:12-03
431	431	1	77	PF	2013-11-20 09:12:00-02	31323.33	31597.66	2019-04-02 09:38:44-03
574	574	1	77	PF	2014-03-05 13:10:00-03	11612.55	10535.63	2022-07-03 20:00:19-03
684	684	1	77	PF	2020-03-14 08:55:00-03	14568.50	14689.17	2022-12-29 21:00:00.317437-03
717	717	1	77	PF	2015-02-21 10:48:00-02	30082.00	29273.68	2020-02-20 23:00:45-03
892	892	1	77	PF	2015-08-05 09:19:00-03	8397.36	7660.12	2019-05-25 12:09:19-03
145	145	1	79	PF	2011-03-03 10:41:00-03	69766.79	65137.83	2020-10-03 11:06:51-03
152	152	1	79	PF	2017-07-01 11:56:00-03	68.44	16.22	2022-12-29 20:59:59.386084-03
258	258	1	79	PF	2011-08-21 11:49:00-03	14823.21	14252.92	2022-05-06 09:23:37-03
293	293	1	79	PF	2018-10-14 09:48:00-03	34326.80	33578.19	2022-10-28 23:01:59-03
473	473	1	79	PF	2016-01-02 08:15:00-02	50851.23	49224.08	2020-10-04 06:33:03-03
567	567	1	79	PF	2011-05-16 07:17:00-03	31479.60	29103.95	2015-09-15 08:33:09-03
758	758	1	79	PF	2014-12-25 11:17:00-02	62228.87	56551.49	2019-09-19 00:25:22-03
875	875	1	79	PF	2015-01-18 13:07:00-02	33365.15	30866.63	2022-12-29 20:55:10-03
989	989	1	79	PF	2021-11-25 11:47:00-03	754.61	577.40	2022-12-29 20:59:55-03
119	119	1	83	PF	2020-01-14 07:20:00-03	27043.28	26165.99	2022-10-26 03:36:27-03
186	186	1	83	PF	2022-02-21 12:05:00-03	164.71	134.20	2022-12-29 21:00:00.56732-03
231	231	1	83	PF	2012-06-25 08:43:00-03	52989.00	49969.30	2017-02-09 09:55:11-02
232	232	1	83	PF	2013-11-27 14:57:00-02	117243.30	110336.89	2020-07-24 05:10:00-03
243	243	1	83	PF	2017-04-01 11:23:00-03	15640.93	16447.33	2022-10-24 10:33:00-03
331	331	1	83	PF	2012-09-22 13:29:00-03	15569.42	15030.97	2022-12-29 20:59:59.268198-03
602	602	1	83	PF	2018-10-24 10:07:00-03	10115.97	9667.71	2021-02-19 01:34:16-03
671	671	1	83	PF	2021-08-09 13:15:00-03	8075.95	7551.61	2022-12-29 21:00:00.918448-03
804	804	1	83	PF	2011-12-06 11:00:00-02	58103.96	56919.71	2016-11-04 09:52:28-02
927	927	1	83	PF	2011-08-15 11:48:00-03	34239.26	33034.49	2013-02-06 11:38:57-02
938	938	1	83	PF	2016-12-12 10:27:00-02	167.21	116.36	2022-12-29 20:59:59.245727-03
42	42	2	12	PF	2013-04-12 09:10:00-03	27615.72	27609.02	2022-01-19 01:26:03-03
185	185	2	12	PF	2011-03-23 11:06:00-03	403.05	393.62	2021-03-04 16:53:30-03
415	415	2	12	PF	2015-06-09 11:03:00-03	66837.71	64200.64	2022-12-29 21:00:00.397829-03
504	504	2	12	PF	2015-04-22 11:18:00-03	45917.36	46241.17	2022-12-29 19:39:57-03
548	548	2	12	PF	2021-05-24 09:19:00-03	51462.00	47060.44	2022-12-29 20:59:59.281558-03
23	23	2	15	PF	2012-12-06 08:38:00-02	19605.44	19299.27	2022-12-29 20:58:10-03
55	55	2	15	PF	2016-11-10 12:25:00-02	353.76	322.26	2022-12-29 21:00:00.379315-03
85	85	2	15	PF	2010-10-04 10:19:00-03	55114.87	10769.58	2022-12-11 06:49:24-03
138	138	2	15	PF	2018-04-06 07:08:00-03	230.13	116.05	2022-12-29 20:59:59.356948-03
188	188	2	15	PF	2022-11-12 11:02:00-03	10111.06	9159.69	2022-12-29 21:00:00.476412-03
432	432	2	15	PF	2011-04-27 09:38:00-03	122319.38	115048.84	2022-12-29 20:59:59.49324-03
455	455	2	15	PF	2017-08-24 07:26:00-03	1440.95	1268.50	2020-11-08 14:27:02-03
517	517	2	15	PF	2020-12-11 12:57:00-03	62271.82	64049.89	2022-12-29 20:59:59.977786-03
545	545	2	15	PF	2019-12-16 07:22:00-03	20510.22	20524.46	2022-12-29 20:59:59.94329-03
621	621	2	15	PF	2015-03-11 08:29:00-03	52509.98	52048.08	2022-10-11 22:15:42-03
762	762	2	15	PF	2022-09-15 11:36:00-03	28104.60	27974.60	2022-12-29 20:59:59.911482-03
168	168	2	22	PF	2012-12-20 14:11:00-02	35959.30	37827.96	2022-07-06 11:23:09-03
456	456	2	22	PF	2014-02-12 13:54:00-02	25.76	12.04	2022-04-04 16:19:19-03
505	505	2	22	PF	2013-07-27 10:47:00-03	209128.93	191520.60	2022-10-19 17:01:15-03
566	566	2	22	PF	2013-11-11 10:53:00-02	5737.69	5160.79	2018-03-26 12:13:17-03
666	666	2	22	PF	2015-07-27 12:03:00-03	47389.75	48308.97	2020-02-25 08:30:30-03
750	750	2	22	PF	2012-05-05 08:32:00-03	3848.69	3727.02	2022-12-25 13:58:54-03
768	768	2	22	PF	2019-04-22 11:34:00-03	44919.13	42951.12	2022-12-29 20:55:59-03
14	14	2	28	PF	2014-08-26 11:14:00-03	3923.41	3491.48	2022-12-29 21:00:00.698664-03
45	45	2	28	PF	2015-10-19 12:51:00-02	15400.83	13450.80	2021-06-09 21:38:31-03
221	221	2	28	PF	2016-08-16 10:42:00-03	2058.98	2677.19	2022-12-28 15:28:44-03
534	534	2	28	PF	2015-01-25 14:56:00-02	32217.00	33477.58	2022-12-29 19:53:27-03
799	799	2	28	PF	2021-05-24 08:29:00-03	128.33	7.34	2022-12-29 21:00:00.146195-03
841	841	2	28	PF	2020-04-16 13:11:00-03	35333.46	36788.90	2022-12-28 20:54:25-03
896	896	2	28	PF	2018-06-19 11:13:00-03	36968.31	39530.31	2022-12-29 20:59:59.122591-03
915	915	2	28	PF	2018-12-25 10:03:00-02	12410.46	12940.12	2022-10-01 05:38:58-03
945	945	2	28	PF	2016-05-10 10:56:00-03	48981.15	49096.21	2022-12-03 11:04:20-03
435	435	2	46	PF	2011-02-02 09:14:00-02	41480.04	40881.44	2019-06-30 17:38:23-03
616	616	2	46	PF	2017-08-04 07:47:00-03	16991.02	15969.62	2022-12-29 20:59:59.913155-03
661	661	2	46	PF	2013-09-11 10:40:00-03	19.33	5.35	2022-12-29 20:59:56-03
664	664	2	46	PF	2017-11-12 13:21:00-02	17796.98	17333.02	2022-12-29 21:00:00.689084-03
667	667	2	46	PF	2022-03-06 12:06:00-03	987.98	760.39	2022-12-29 21:00:00.112756-03
766	766	2	46	PF	2014-09-07 10:15:00-03	271.74	334.31	2022-12-29 20:59:59.641-03
821	821	2	46	PF	2012-03-12 09:31:00-03	38099.70	37024.01	2016-02-26 11:02:42-03
36	36	2	56	PF	2012-02-17 13:58:00-02	41929.75	40313.21	2022-12-29 20:59:54-03
46	46	2	56	PF	2011-06-04 08:10:00-03	47538.62	151644.40	2016-09-08 03:26:30-03
277	277	2	56	PF	2013-06-09 09:38:00-03	1408.38	1263.39	2017-10-07 03:48:39-03
375	375	2	56	PF	2019-06-22 12:56:00-03	13593.81	12657.90	2022-12-29 20:59:59.227118-03
495	495	2	56	PF	2015-07-02 08:07:00-03	29290.94	28153.49	2022-12-29 21:00:00.823395-03
539	539	2	56	PF	2011-04-21 07:58:00-03	17405.56	16455.88	2015-09-25 08:33:15-03
744	744	2	56	PF	2012-03-21 08:46:00-03	4711.03	5493.63	2021-10-01 15:38:52-03
774	774	2	56	PF	2018-07-11 11:52:00-03	206361.40	196440.97	2022-12-29 20:56:56-03
903	903	2	56	PF	2020-08-16 08:05:00-03	83936.28	84439.77	2022-03-13 16:41:29-03
930	930	2	56	PF	2018-04-03 08:06:00-03	16311.09	8241.09	2022-12-18 09:54:26-03
62	62	2	57	PF	2010-12-02 10:14:00-02	6662.32	6390.18	2020-06-28 18:08:18-03
73	73	2	57	PF	2012-06-21 11:25:00-03	2612.72	2439.85	2017-05-21 06:14:01-03
94	94	2	57	PF	2011-09-09 12:00:00-03	34545.96	33166.61	2022-12-29 21:00:00.138357-03
175	175	2	57	PF	2015-12-17 12:44:00-02	1931.37	1744.86	2018-05-18 18:30:15-03
333	333	2	57	PF	2019-12-03 10:34:00-03	398.66	263.32	2022-12-29 20:59:59.673776-03
677	677	2	57	PF	2018-01-15 09:14:00-02	39346.53	38525.41	2022-07-12 14:02:07-03
760	760	2	57	PF	2013-04-27 07:08:00-03	20116.40	20875.57	2015-06-05 09:29:59-03
801	801	2	57	PF	2019-09-27 12:29:00-03	34040.21	34583.48	2022-12-29 20:59:59.136427-03
905	905	2	57	PF	2013-03-04 09:38:00-03	18219.17	17267.95	2016-08-05 20:19:11-03
990	990	2	57	PF	2020-01-23 13:28:00-03	6317.25	6536.31	2021-09-25 04:50:51-03
26	26	2	63	PF	2012-08-12 13:34:00-03	10388.78	10032.94	2021-02-13 01:38:56-03
51	51	2	63	PF	2022-01-18 11:52:00-03	330.55	305.04	2022-12-29 20:59:59.330763-03
140	140	2	63	PF	2015-02-10 11:47:00-02	140807.68	117253.54	2022-12-29 20:59:59.367528-03
235	235	2	63	PF	2018-06-01 10:05:00-03	114315.51	109905.99	2021-09-09 02:16:59-03
383	383	2	63	PF	2017-01-24 11:00:00-02	38945.74	40234.88	2018-06-24 00:58:10-03
633	633	2	63	PF	2011-05-08 10:51:00-03	16.80	0.60	2018-08-30 00:58:32-03
4	4	2	65	PF	2017-04-06 09:28:00-03	184007.86	170283.25	2022-11-12 08:50:05-03
27	27	2	65	PF	2022-05-10 09:29:00-03	263.73	228.68	2022-12-29 21:00:00.767904-03
95	95	2	65	PF	2021-09-22 12:00:00-03	176.31	253.21	2022-12-29 20:59:59.772328-03
11	11	2	69	PF	2010-11-12 14:37:00-02	8749.81	8414.48	2022-12-29 20:59:56-03
177	177	2	69	PF	2022-10-15 13:31:00-03	12129.61	12439.49	2022-12-29 20:59:59.932063-03
244	244	2	69	PF	2012-04-20 10:36:00-03	22751.99	22071.15	2022-12-23 23:19:53-03
251	251	2	69	PF	2013-07-11 11:28:00-03	8907.74	8346.63	2021-09-05 01:36:19-03
468	468	2	69	PF	2021-08-27 10:19:00-03	10007.90	10124.27	2022-12-29 21:00:00.468061-03
533	533	2	69	PF	2021-08-09 09:39:00-03	26541.77	24783.65	2022-12-29 20:59:59.604072-03
759	759	2	69	PF	2022-01-02 11:41:00-03	937.58	1702.40	2022-12-29 20:59:59.09932-03
919	919	2	69	PF	2014-10-18 09:17:00-03	11549.64	11770.39	2018-09-03 11:38:01-03
972	972	2	69	PF	2010-08-10 12:41:00-03	18882.36	17130.82	2022-05-07 22:59:15-03
166	166	2	70	PF	2014-11-21 13:42:00-02	124745.70	122476.89	2021-01-20 08:41:39-03
222	222	2	70	PF	2014-05-11 07:03:00-03	10214.64	10068.50	2017-07-29 21:08:27-03
642	642	2	70	PF	2019-06-26 09:58:00-03	14609.90	14856.86	2022-12-29 20:59:59.449488-03
655	655	2	70	PF	2016-02-11 12:22:00-02	74550.79	70325.65	2020-05-15 13:28:49-03
699	699	2	70	PF	2011-03-22 11:49:00-03	24351.57	22299.44	2022-12-29 20:59:59.406374-03
700	700	2	70	PF	2017-12-06 14:13:00-02	24760.97	25235.92	2022-12-29 21:00:00.050689-03
510	510	2	81	PF	2012-03-16 10:03:00-03	23050.59	20939.23	2022-12-29 20:59:59.194889-03
640	640	2	81	PF	2020-06-11 11:58:00-03	151.11	61.30	2022-12-29 20:59:59.961749-03
668	668	2	81	PF	2015-03-03 09:16:00-03	2967.72	918.58	2022-12-29 21:00:00.758288-03
879	879	2	81	PF	2013-07-12 07:44:00-03	238990.88	231759.98	2019-09-11 02:47:27-03
891	891	2	81	PF	2012-02-20 11:42:00-02	5171.98	5112.55	2018-08-12 05:36:11-03
913	913	2	81	PF	2021-10-08 11:19:00-03	297.75	128.35	2022-12-29 21:00:00.41435-03
75	75	2	96	PF	2011-06-12 10:50:00-03	43845.30	44058.34	2022-10-08 03:10:17-03
201	201	2	96	PF	2021-11-12 13:43:00-03	20524.26	19820.47	2022-12-29 21:00:00.097381-03
323	323	2	96	PF	2015-06-14 13:51:00-03	3914.17	3800.27	2022-12-29 21:00:00.568614-03
372	372	2	96	PF	2013-11-27 11:03:00-02	25957.56	24630.60	2019-10-25 05:58:32-03
425	425	2	96	PF	2021-01-22 10:13:00-03	773.54	29312.93	2022-12-29 20:59:59.637724-03
547	547	2	96	PF	2013-04-04 12:11:00-03	24560.00	45922.63	2018-01-29 21:27:08-02
623	623	2	96	PF	2018-06-12 08:47:00-03	274.86	195.38	2021-11-04 02:58:29-03
659	659	2	96	PF	2011-09-22 11:33:00-03	43301.92	40067.48	2019-10-04 07:28:51-03
797	797	2	96	PF	2018-10-21 11:14:00-03	66.32	40.06	2022-12-29 21:00:00.98649-03
826	826	2	96	PF	2017-07-16 07:31:00-03	3343.12	3376.43	2019-08-18 14:54:24-03
890	890	2	96	PF	2013-12-11 12:23:00-02	91.91	34.61	2022-09-19 04:33:48-03
998	998	2	96	PF	2013-11-07 11:05:00-02	12110.95	47398.84	2016-07-24 09:03:50-03
135	135	3	4	PF	2016-07-03 09:30:00-03	7367.60	7665.52	2020-11-27 08:01:16-03
189	189	3	4	PF	2021-09-16 08:47:00-03	3657.94	2875.48	2022-12-29 20:47:10-03
656	656	3	4	PF	2019-02-20 09:24:00-03	30350.78	30770.78	2021-05-18 01:02:16-03
814	814	3	4	PF	2014-09-09 11:55:00-03	20261.34	19025.32	2018-09-10 00:08:32-03
876	876	3	4	PF	2019-04-17 08:01:00-03	5137.50	5069.37	2022-12-29 20:59:59.711504-03
895	895	3	4	PF	2022-08-15 08:35:00-03	3191.86	3020.27	2022-12-29 21:00:00.708347-03
963	963	3	4	PF	2022-06-13 12:07:00-03	6909.48	6250.55	2022-12-29 20:59:59.305111-03
70	70	3	27	PF	2021-02-18 12:23:00-03	108.51	28940.35	2022-12-29 21:00:00.135754-03
229	229	3	27	PF	2013-01-20 09:26:00-02	15665.47	15511.60	2016-11-13 17:53:00-02
368	368	3	27	PF	2016-03-03 10:31:00-03	12017.39	12075.63	2022-12-29 20:59:59.147739-03
376	376	3	27	PF	2012-04-07 12:08:00-03	11668.15	10745.11	2022-09-30 05:42:18-03
721	721	3	27	PF	2022-07-17 11:30:00-03	1729.32	1623.71	2022-12-29 20:59:59.060207-03
845	845	3	27	PF	2020-12-16 12:14:00-03	904.80	477.95	2022-12-29 21:00:00.802509-03
897	897	3	27	PF	2016-12-07 09:46:00-02	208.51	156.15	2022-12-29 20:59:59.625723-03
21	21	3	37	PF	2016-07-10 09:29:00-03	7250.57	6957.31	2022-11-24 16:30:54-03
129	129	3	37	PF	2013-01-08 13:31:00-02	40602.26	38336.69	2020-04-09 04:00:43-03
212	212	3	37	PF	2021-04-09 12:40:00-03	26933.38	26472.64	2022-12-29 20:59:59.48936-03
420	420	3	37	PF	2013-01-24 08:10:00-02	10852.62	11170.85	2017-05-22 17:51:50-03
608	608	3	37	PF	2014-09-20 08:49:00-03	28555.18	28544.94	2019-12-14 14:57:10-03
767	767	3	37	PF	2019-12-06 12:52:00-03	77102.73	74114.26	2022-12-18 11:40:10-03
850	850	3	37	PF	2013-07-22 11:42:00-03	117660.80	107914.04	2018-08-04 22:57:43-03
173	173	3	41	PF	2021-05-12 11:45:00-03	87.44	536.72	2022-12-29 20:59:59.464383-03
525	525	3	41	PF	2012-05-03 10:10:00-03	22773.81	20567.89	2017-10-21 05:21:47-02
576	576	3	41	PF	2015-12-26 11:07:00-02	1618.48	1368.46	2021-04-11 21:08:06-03
582	582	3	41	PF	2013-02-21 08:58:00-03	36087.81	37148.30	2022-12-29 21:00:00.462063-03
603	603	3	41	PF	2018-04-20 07:44:00-03	4323.15	4352.13	2022-12-29 12:20:07-03
689	689	3	41	PF	2014-04-15 08:08:00-03	37557.59	34398.15	2022-12-29 19:51:57-03
861	861	3	41	PF	2018-07-15 08:31:00-03	3621.64	3264.96	2022-09-26 13:33:15-03
104	104	3	45	PF	2018-01-04 10:09:00-02	10225.38	10009.55	2022-12-29 21:00:00.624769-03
179	179	3	45	PF	2019-01-15 09:29:00-02	67454.05	66086.48	2022-12-29 20:59:59.901142-03
364	364	3	45	PF	2013-09-07 11:06:00-03	19006.90	19977.87	2019-02-24 02:44:55-03
371	371	3	45	PF	2012-12-04 10:48:00-02	35852.78	32782.46	2022-12-29 20:58:41-03
535	535	3	45	PF	2014-09-06 10:52:00-03	35.27	24.18	2021-09-06 15:08:48-03
800	800	3	45	PF	2015-02-25 12:05:00-03	45523.67	46356.45	2022-12-29 21:00:00.482356-03
840	840	3	45	PF	2013-02-05 09:08:00-02	18951.81	19926.05	2022-12-29 20:59:59.777193-03
966	966	3	45	PF	2013-11-05 13:33:00-02	15348.31	15243.72	2022-12-29 05:21:46-03
71	71	3	47	PF	2013-12-14 11:59:00-02	16164.54	14842.35	2019-12-04 00:28:17-03
162	162	3	47	PF	2012-11-15 09:37:00-02	22674.02	22376.76	2016-11-24 08:37:37-02
238	238	3	47	PF	2019-03-08 13:08:00-03	786.88	783.20	2022-12-29 20:59:59.181535-03
374	374	3	47	PF	2013-07-28 08:52:00-03	71434.55	69922.48	2021-03-04 18:21:16-03
430	430	3	47	PF	2013-08-16 08:02:00-03	1546.67	1451.68	2019-03-11 01:35:56-03
752	752	3	47	PF	2017-10-28 13:26:00-02	657.92	538.65	2022-12-29 20:59:59.381012-03
778	778	3	47	PF	2018-12-21 12:46:00-02	4988.43	5373.21	2022-12-29 20:59:59.562888-03
832	832	3	47	PF	2012-12-25 13:27:00-02	56012.79	51659.17	2019-09-23 19:31:07-03
863	863	3	47	PF	2015-11-26 10:41:00-02	118.81	56.56	2018-09-23 18:05:00-03
3	3	3	49	PF	2013-01-05 11:13:00-02	25244.49	24079.04	2022-08-14 17:51:30-03
155	155	3	49	PF	2013-08-22 10:27:00-03	57577.01	57526.38	2018-09-21 19:25:28-03
523	523	3	49	PF	2013-03-18 07:44:00-03	16025.31	14722.03	2015-06-04 15:42:29-03
765	765	3	49	PF	2019-05-27 09:48:00-03	291.08	200.49	2022-12-29 20:59:59.267491-03
846	846	3	49	PF	2013-10-12 07:33:00-03	143847.09	130458.18	2022-12-29 21:00:00.110692-03
881	881	3	49	PF	2019-12-23 12:28:00-03	5707.79	5466.55	2022-12-29 20:57:20-03
886	886	3	49	PF	2014-04-26 12:43:00-03	3586.69	3645.79	2019-03-02 01:00:38-03
909	909	3	74	PF	2019-01-04 11:26:00-02	64506.15	67700.81	2022-11-25 08:40:32-03
56	56	3	78	PF	2022-09-21 11:40:00-03	149048.22	139067.40	2022-12-29 20:59:59.172722-03
269	269	3	78	PF	2013-01-05 11:51:00-02	15245.68	14424.13	2020-06-26 11:50:37-03
325	325	3	78	PF	2014-04-14 12:34:00-03	23586.85	24763.26	2017-06-18 02:59:33-03
480	480	3	78	PF	2012-12-09 09:58:00-02	104.98	11.27	2022-11-03 12:02:20-03
507	507	3	78	PF	2015-04-20 08:35:00-03	296.15	254.43	2021-09-24 08:34:05-03
599	599	3	78	PF	2020-01-11 11:52:00-03	161.94	139.21	2022-12-27 02:16:01-03
898	898	3	78	PF	2013-02-25 12:54:00-03	79839.16	79023.89	2018-03-08 23:47:00-03
914	914	3	78	PF	2017-11-11 09:08:00-02	675.83	650.86	2022-12-26 00:19:05-03
43	43	3	88	PF	2016-09-03 12:08:00-03	43388.05	39429.83	2022-12-29 20:59:59.486255-03
80	80	3	88	PF	2015-04-23 12:08:00-03	28432.93	29330.00	2022-12-29 20:58:24-03
205	205	3	88	PF	2016-01-15 09:42:00-02	28440.02	26009.76	2022-08-23 14:11:54-03
373	373	3	88	PF	2013-07-19 12:18:00-03	47371.69	48268.47	2016-11-07 21:16:26-02
419	419	3	88	PF	2013-05-01 12:18:00-03	1444.26	1153.85	2022-12-29 21:00:00.898288-03
115	115	3	98	PF	2013-01-16 13:15:00-02	6.47	82556.41	2016-08-13 21:37:46-03
193	193	3	98	PF	2014-06-24 11:39:00-03	9466.42	9226.57	2022-12-29 20:59:59.974984-03
248	248	3	98	PF	2019-06-13 08:34:00-03	919.25	871.17	2022-08-07 14:26:08-03
298	298	3	98	PF	2012-04-21 12:53:00-03	106461.80	99486.45	2019-04-06 01:06:26-03
408	408	3	98	PF	2021-10-15 07:47:00-03	9193.06	8497.31	2022-12-29 21:00:00.614611-03
416	416	3	98	PF	2022-12-18 10:37:00-03	35643.51	34907.80	2023-01-01 17:22:28.291488-03
592	592	3	98	PF	2014-10-28 12:46:00-02	493.41	427.08	2022-12-06 15:19:31-03
866	866	3	98	PF	2019-06-22 10:36:00-03	4.34	624.82	2022-12-29 21:00:00.276554-03
906	906	3	98	PF	2012-11-25 12:07:00-02	25095.49	25725.94	2022-12-29 20:59:59.463588-03
960	960	3	98	PF	2014-07-05 10:14:00-03	78171.21	77835.11	2020-01-09 21:14:06-03
9	9	4	3	PF	2022-12-08 08:21:00-03	81101.63	75739.07	2022-12-30 13:23:13.549956-03
39	39	4	3	PF	2022-04-25 12:35:00-03	12353.21	12760.23	2022-12-29 20:59:59.468678-03
460	460	4	3	PF	2014-03-04 07:43:00-03	4130.98	2982.80	2022-12-24 01:32:38-03
571	571	4	3	PF	2018-01-18 12:36:00-02	469.75	316.68	2022-12-29 21:00:00.108166-03
580	580	4	3	PF	2014-05-04 10:13:00-03	17823.12	17114.17	2022-12-29 20:59:59.585665-03
727	727	4	3	PF	2020-08-10 09:55:00-03	2660.26	1976.68	2022-06-08 07:09:04-03
780	780	4	3	PF	2018-02-05 09:35:00-02	2476.53	2414.31	2022-02-20 04:42:18-03
813	813	4	3	PF	2020-08-28 08:27:00-03	410.84	202.07	2022-12-29 21:00:00.084096-03
848	848	4	3	PF	2022-10-14 11:02:00-03	6.09	26.09	2022-12-29 20:59:59.524731-03
924	924	4	3	PF	2021-10-20 12:55:00-03	26185.64	23748.10	2022-12-29 20:59:14-03
943	943	4	3	PF	2017-09-07 12:09:00-03	35595.45	32521.38	2022-12-29 21:00:00.929314-03
5	5	4	32	PF	2015-01-14 09:53:00-02	137649.19	120169.19	2018-07-24 00:18:52-03
49	49	4	32	PF	2021-05-05 09:58:00-03	349.16	97.49	2022-12-29 20:59:59.235451-03
148	148	4	32	PF	2016-02-22 08:31:00-03	6451.98	5824.07	2022-12-28 16:44:36-03
187	187	4	32	PF	2022-03-08 12:48:00-03	8302.29	7893.98	2022-12-29 20:59:59.691567-03
250	250	4	32	PF	2018-12-08 11:43:00-02	8020.77	9242.54	2022-12-29 20:59:59.833297-03
279	279	4	32	PF	2018-04-09 08:15:00-03	21046.98	21497.92	2022-12-29 20:59:59.844831-03
356	356	4	32	PF	2014-01-13 09:30:00-02	44776.38	40667.30	2022-06-01 11:56:38-03
444	444	4	32	PF	2022-11-20 13:56:00-03	3825.86	3737.08	2022-12-29 21:00:00.907773-03
467	467	4	32	PF	2018-02-26 09:52:00-03	32232.68	32091.99	2022-12-29 20:59:59.242815-03
615	615	4	32	PF	2021-06-11 13:02:00-03	98888.47	90717.11	2022-12-29 21:00:00.184665-03
638	638	4	32	PF	2018-07-05 08:41:00-03	314.00	19.70	2022-12-29 20:59:59.306088-03
705	705	4	32	PF	2015-07-24 10:19:00-03	7272.48	7395.50	2019-05-21 02:28:33-03
749	749	4	32	PF	2018-08-23 09:31:00-03	45291.67	43485.14	2021-05-18 12:03:23-03
781	781	4	32	PF	2014-09-23 08:27:00-03	337.70	78.42	2022-07-26 12:01:24-03
828	828	4	32	PF	2021-12-25 09:52:00-03	10753.21	10954.17	2022-12-29 21:00:00.363526-03
830	830	4	32	PF	2018-01-11 12:07:00-02	20823.54	19957.63	2022-12-29 13:43:16-03
834	834	4	32	PF	2015-03-25 11:02:00-03	241.17	179.65	2018-08-31 00:04:19-03
923	923	4	32	PF	2021-05-05 10:11:00-03	21432.62	21785.72	2022-12-29 20:59:59-03
988	988	4	32	PF	2021-02-22 11:02:00-03	2195.14	2052.75	2022-12-28 18:18:58-03
57	57	4	61	PF	2017-05-04 13:51:00-03	698.57	619.98	2022-12-29 20:58:01-03
60	60	4	61	PF	2017-11-28 12:52:00-02	3646.37	3704.51	2022-02-17 14:18:46-03
161	161	4	61	PF	2015-08-17 12:19:00-03	7354.64	6742.02	2021-10-24 10:08:04-03
230	230	4	61	PF	2020-12-22 13:37:00-03	8796.05	8269.42	2022-12-29 21:00:00.169379-03
252	252	4	61	PF	2019-07-18 09:56:00-03	269.71	237.12	2021-06-17 10:59:18-03
322	322	4	61	PF	2014-06-27 12:40:00-03	48224.93	48608.93	2019-02-24 20:20:51-03
350	350	4	61	PF	2018-11-15 13:42:00-02	65716.30	66372.28	2022-12-29 21:00:00.14673-03
541	541	4	61	PF	2019-04-25 10:04:00-03	80038.67	82151.29	2022-12-29 15:39:24-03
568	568	4	61	PF	2020-08-22 12:21:00-03	78357.28	74084.74	2022-12-29 20:59:59.094036-03
575	575	4	61	PF	2015-07-27 08:15:00-03	80964.10	79474.92	2022-06-23 04:35:02-03
852	852	4	61	PF	2015-07-01 13:05:00-03	41988.59	42369.58	2016-09-28 12:36:43-03
970	970	4	61	PF	2021-01-07 12:42:00-03	34423.44	32777.22	2022-12-29 06:00:54-03
164	164	4	73	PF	2014-09-08 09:52:00-03	6258.36	6164.68	2020-05-21 00:00:44-03
233	233	4	73	PF	2014-12-02 12:14:00-02	30.06	9.76	2019-04-08 22:26:15-03
259	259	4	73	PF	2019-10-12 09:17:00-03	143.99	102.77	2022-12-29 20:59:59.925936-03
304	304	4	73	PF	2019-07-04 08:12:00-03	47188.65	44492.25	2021-03-07 10:57:27-03
346	346	4	73	PF	2019-03-02 08:07:00-03	72228.95	66842.31	2022-06-21 19:38:31-03
363	363	4	73	PF	2022-05-03 08:19:00-03	5784.43	4613.95	2022-12-29 20:59:59.540603-03
366	366	4	73	PF	2014-06-06 12:19:00-03	18102.16	18358.39	2022-12-29 20:59:59.693692-03
390	390	4	73	PF	2018-08-17 12:11:00-03	245.62	301.42	2022-12-20 13:53:47-03
448	448	4	73	PF	2019-12-18 10:11:00-03	108585.12	108046.82	2022-12-29 21:00:00.302617-03
515	515	4	73	PF	2014-04-17 12:32:00-03	127.81	101.63	2022-12-29 21:00:00.819885-03
614	614	4	73	PF	2014-04-16 10:23:00-03	17250.89	17057.35	2018-10-11 10:45:20-03
624	624	4	73	PF	2015-08-03 13:55:00-03	6263.42	5759.04	2022-04-09 13:15:28-03
703	703	4	73	PF	2015-03-04 10:12:00-03	13916.08	14255.22	2020-04-08 14:50:08-03
723	723	4	73	PF	2013-12-02 12:38:00-02	29617.02	27618.22	2019-08-17 00:45:19-03
753	753	4	73	PF	2017-07-04 12:05:00-03	13400.35	13211.55	2022-09-08 05:44:46-03
776	776	4	73	PF	2021-03-14 12:58:00-03	117.60	76.58	2022-12-29 20:59:59.00265-03
798	798	4	73	PF	2015-11-21 08:49:00-02	539.24	509.95	2022-12-29 20:56:27-03
838	838	4	73	PF	2013-11-15 14:17:00-02	20058.30	19265.34	2021-05-08 04:11:47-03
899	899	4	73	PF	2021-10-17 10:00:00-03	8539.37	8294.29	2022-12-29 20:59:59.35822-03
934	934	4	73	PF	2017-08-25 13:02:00-03	4177.67	3450.27	2022-12-29 20:59:59.465741-03
940	940	4	73	PF	2016-10-25 09:53:00-02	7979.81	8178.80	2022-12-29 20:55:32-03
974	974	4	73	PF	2014-07-18 12:15:00-03	1633.75	1166.87	2016-11-23 18:48:56-02
993	993	4	73	PF	2017-10-07 08:40:00-03	6775.41	6150.55	2021-11-16 22:08:31-03
102	102	5	5	PF	2015-02-28 13:28:00-03	15506.31	14875.64	2022-12-29 20:59:59.841585-03
158	158	5	5	PF	2018-10-22 12:47:00-03	102.45	60.28	2022-02-07 02:58:52-03
312	312	5	5	PF	2022-07-12 13:34:00-03	2990.55	2843.45	2022-12-29 20:59:59.301049-03
532	532	5	5	PF	2021-07-13 11:56:00-03	49694.78	49628.38	2022-12-29 21:00:00.473273-03
747	747	5	5	PF	2022-11-18 11:04:00-03	505.39	507.20	2022-12-29 20:59:59.735921-03
180	180	5	9	PF	2022-07-21 09:36:00-03	3046.32	3004.33	2022-12-29 20:59:59.643909-03
215	215	5	9	PF	2020-04-10 11:14:00-03	45569.01	44209.51	2022-12-29 20:59:59.137126-03
413	413	5	9	PF	2014-05-20 08:41:00-03	12999.93	13377.54	2022-12-29 20:10:57-03
600	600	5	9	PF	2021-01-10 12:35:00-03	2724.05	2350.11	2022-12-29 20:59:59.635068-03
980	980	5	9	PF	2022-07-27 08:26:00-03	5490.92	5758.24	2022-12-29 21:00:00.431605-03
1	1	5	10	PF	2014-07-08 13:25:00-03	22473.87	22538.06	2022-11-08 10:22:46-03
223	223	5	10	PF	2022-12-17 13:43:00-03	30.26	12.23	2022-12-29 20:59:59.024565-03
476	476	5	10	PF	2018-05-26 12:11:00-03	37413.60	34814.88	2021-02-23 03:10:46-03
630	630	5	10	PF	2014-07-02 09:56:00-03	799.29	698.33	2022-12-03 07:49:57-03
833	833	5	10	PF	2014-07-17 09:29:00-03	16409.37	15424.99	2021-03-23 00:37:51-03
157	157	5	21	PF	2017-08-20 09:13:00-03	183979.04	172773.53	2022-12-27 05:19:50-03
326	326	5	21	PF	2018-01-27 12:50:00-02	35921.45	1284.29	2022-09-02 08:18:09-03
447	447	5	21	PF	2022-03-08 12:28:00-03	453.50	396.53	2022-12-29 20:59:59.104941-03
514	514	5	21	PF	2021-01-20 08:35:00-03	12237.53	11325.96	2022-12-29 20:59:59.719657-03
196	196	5	36	PF	2014-06-05 09:16:00-03	34585.58	35985.86	2021-04-27 11:55:59-03
343	343	5	36	PF	2021-09-20 09:12:00-03	25938.22	24644.54	2022-12-29 21:00:00.725948-03
692	692	5	36	PF	2014-07-11 09:48:00-03	34962.18	32166.28	2022-12-29 21:00:00.681571-03
987	987	5	36	PF	2014-08-02 11:57:00-03	2148.68	2159.69	2016-08-28 22:18:41-03
328	328	5	43	PF	2017-03-04 10:03:00-03	36948.71	33788.96	2019-05-02 02:36:42-03
562	562	5	43	PF	2021-07-16 13:50:00-03	1973.93	1811.49	2022-12-29 20:59:59.876057-03
653	653	5	43	PF	2016-06-16 11:20:00-03	94097.65	86317.93	2022-12-29 20:59:59.734108-03
817	817	5	43	PF	2021-11-25 12:41:00-03	41127.40	41896.73	2022-12-29 20:59:59.306737-03
309	309	5	50	PF	2015-07-15 08:21:00-03	14816.41	15334.76	2022-12-29 20:36:48-03
516	516	5	50	PF	2019-09-19 12:25:00-03	335.99	349.48	2022-12-29 21:00:00.409004-03
613	613	5	50	PF	2017-10-24 11:13:00-02	18773.49	18763.11	2022-05-13 00:12:29-03
810	810	5	50	PF	2017-07-07 12:17:00-03	635.03	918.39	2022-12-29 20:59:49-03
939	939	5	50	PF	2022-12-13 10:16:00-03	822.83	809.35	2022-12-29 21:00:00.151225-03
975	975	5	50	PF	2021-03-18 11:58:00-03	20.86	46.71	2022-12-29 21:00:00.328832-03
192	192	5	52	PF	2015-09-27 08:21:00-03	92644.50	96197.79	2022-12-29 21:00:00.752528-03
450	450	5	52	PF	2019-04-01 09:40:00-03	18485.22	17763.99	2022-11-30 16:32:43-03
611	611	5	52	PF	2019-08-06 11:42:00-03	35913.29	33542.41	2022-12-29 11:27:05-03
725	725	5	52	PF	2020-01-11 11:13:00-03	116.37	20.83	2022-12-29 20:59:59.912766-03
651	651	5	55	PF	2016-07-14 09:22:00-03	43605.49	44909.55	2021-08-23 09:42:40-03
779	779	5	55	PF	2014-04-15 08:46:00-03	3915.34	4232.93	2021-03-27 05:36:14-03
837	837	5	55	PF	2014-03-18 07:30:00-03	18181.17	16654.64	2020-05-26 19:47:20-03
327	327	5	59	PF	2021-10-08 08:35:00-03	12913.30	12434.70	2022-12-29 20:59:59.770314-03
388	388	5	59	PF	2017-02-14 10:43:00-02	14348.66	13919.02	2022-12-24 11:10:53-03
462	462	5	59	PF	2016-11-19 11:53:00-02	400.81	340.18	2019-12-29 05:22:09-03
485	485	5	59	PF	2017-09-23 08:16:00-03	21129.43	19292.72	2022-07-07 03:04:30-03
786	786	5	59	PF	2019-01-21 12:29:00-02	25708.99	24386.97	2022-12-29 21:00:00.091285-03
790	790	5	59	PF	2014-07-03 13:49:00-03	8696.47	8079.57	2021-09-20 20:50:12-03
862	862	5	59	PF	2017-11-07 09:35:00-02	57375.23	54060.36	2022-12-25 11:04:09-03
926	926	5	59	PF	2018-05-03 12:18:00-03	58479.78	53607.32	2022-12-27 03:03:23-03
370	370	5	60	PF	2022-07-08 10:14:00-03	370.37	308.99	2022-12-29 20:59:59.788932-03
484	484	5	60	PF	2021-07-01 09:51:00-03	158638.33	148919.10	2022-12-29 20:59:59.668365-03
676	676	5	60	PF	2016-04-25 12:44:00-03	7591.33	6859.66	2018-10-13 09:34:22-03
820	820	5	60	PF	2017-05-04 09:48:00-03	4803.10	4043.63	2022-12-29 20:59:59-03
237	237	5	76	PF	2021-07-28 08:45:00-03	230.83	197.93	2022-12-29 20:59:59.348435-03
340	340	5	76	PF	2022-02-15 09:44:00-03	68771.11	65285.17	2022-12-29 20:59:59.219102-03
29	29	5	92	PF	2015-07-27 08:08:00-03	33.40	26.34	2022-12-29 21:00:00.324619-03
72	72	5	92	PF	2019-04-07 12:08:00-03	27508.06	24529.73	2022-12-29 20:59:59.764744-03
76	76	5	92	PF	2015-11-06 13:36:00-02	330.34	294.93	2022-12-29 20:59:59.429706-03
127	127	5	92	PF	2014-04-15 07:06:00-03	111063.22	109931.60	2017-12-18 19:50:39-02
234	234	5	92	PF	2021-03-08 10:43:00-03	2649.29	2269.76	2022-12-29 21:00:00.97399-03
387	387	5	92	PF	2014-02-08 11:28:00-02	47010.33	43828.91	2022-12-29 21:00:00.360945-03
597	597	5	92	PF	2019-06-19 09:21:00-03	106127.15	108338.43	2022-12-29 20:59:59.568438-03
405	405	6	2	PF	2021-11-17 12:03:00-03	429.43	275.21	2022-12-29 21:00:00.962089-03
440	440	6	2	PF	2022-03-02 08:10:00-03	1333.13	1062.26	2022-12-29 20:59:59.640396-03
612	612	6	2	PF	2017-02-05 10:35:00-02	12974.97	13553.67	2022-12-29 20:59:59.409272-03
870	870	6	2	PF	2017-12-20 09:12:00-02	51333.78	48084.30	2022-12-13 15:36:48-03
2	2	6	16	PF	2020-03-27 10:05:00-03	59.28	12.72	2022-12-29 21:00:00.071193-03
33	33	6	16	PF	2016-11-10 11:52:00-02	11565.98	10887.28	2022-12-29 21:00:00.750304-03
64	64	6	16	PF	2016-04-18 12:57:00-03	6246.97	6501.51	2022-02-07 05:57:18-03
427	427	6	16	PF	2019-02-18 11:37:00-03	8085.96	7760.45	2022-03-04 12:00:08-03
641	641	6	16	PF	2019-12-07 10:32:00-03	1.31	744.27	2022-12-29 20:59:59.205176-03
856	856	6	16	PF	2015-06-24 12:02:00-03	11790.66	10831.83	2022-12-29 20:40:08-03
889	889	6	16	PF	2022-11-20 11:49:00-03	828.41	786.36	2022-12-29 21:00:00.463347-03
24	24	6	17	PF	2018-06-10 08:18:00-03	35486.75	34541.16	2022-12-29 21:00:00.324887-03
172	172	6	17	PF	2020-06-20 12:24:00-03	24099.87	24708.18	2022-12-29 20:54:14-03
332	332	6	17	PF	2020-09-10 08:54:00-03	85186.37	83239.81	2022-12-29 21:00:00.136318-03
578	578	6	17	PF	2021-02-03 11:52:00-03	19177.22	18603.70	2022-12-29 21:00:00.50693-03
819	819	6	17	PF	2022-08-02 08:24:00-03	54632.65	56789.22	2022-12-29 21:00:00.774919-03
163	163	6	29	PF	2020-07-26 11:45:00-03	16598.96	15220.77	2022-12-29 20:59:59.547366-03
169	169	6	29	PF	2015-07-01 10:19:00-03	25114.20	25729.27	2022-10-24 02:07:23-03
365	365	6	29	PF	2020-03-11 10:52:00-03	341020.82	333783.57	2022-12-29 10:45:03-03
449	449	6	29	PF	2017-11-10 10:04:00-02	532.30	438.38	2022-12-29 20:59:59.762018-03
706	706	6	29	PF	2019-01-10 13:36:00-02	1624.15	1231.68	2022-12-29 21:00:00.678695-03
935	935	6	29	PF	2018-03-22 12:23:00-03	327.51	186.16	2022-12-29 21:00:00.640178-03
958	958	6	29	PF	2018-10-09 12:05:00-03	10828.38	8596.76	2022-12-21 21:14:33-03
763	763	6	44	PF	2016-10-19 12:58:00-02	2213.52	2061.36	2022-12-27 19:47:18-03
107	107	6	53	PF	2020-04-19 09:09:00-03	273.68	160.81	2022-09-08 19:01:13-03
211	211	6	53	PF	2021-03-10 09:41:00-03	40789.45	41996.88	2022-12-29 21:00:00.75253-03
518	518	6	53	PF	2015-10-03 11:31:00-03	9879.86	9275.92	2022-12-29 20:59:50-03
785	785	6	53	PF	2021-03-15 12:01:00-03	666.87	524.20	2022-12-29 21:00:00-03
48	48	6	54	PF	2019-03-09 13:19:00-03	2545.29	2366.42	2022-12-29 20:59:59-03
452	452	6	54	PF	2020-07-18 08:22:00-03	159474.24	146962.43	2022-12-29 20:59:59.577003-03
643	643	6	54	PF	2022-03-26 07:46:00-03	32.82	37.67	2022-12-29 20:59:59.901664-03
381	381	6	66	PF	2016-10-21 13:50:00-02	14217.10	12694.71	2022-12-05 16:35:29-03
513	513	6	66	PF	2021-07-01 08:43:00-03	13393.13	13010.52	2022-12-29 21:00:00.909153-03
742	742	6	66	PF	2019-05-17 12:36:00-03	1612.41	1498.33	2022-11-30 19:26:57-03
206	206	6	87	PF	2018-01-05 14:28:00-02	19807.66	19957.40	2022-06-29 20:00:58-03
217	217	6	87	PF	2018-09-05 11:44:00-03	1918.21	1807.49	2022-12-29 21:00:00.245138-03
316	316	6	87	PF	2018-01-23 13:29:00-02	29713.00	30107.64	2022-12-29 20:59:59.123017-03
377	377	6	87	PF	2016-12-15 13:58:00-02	16675.08	15678.09	2022-12-29 20:59:59.570142-03
610	610	6	87	PF	2020-11-01 11:28:00-03	1658.48	1592.91	2022-12-29 20:59:59.05012-03
733	733	6	87	PF	2020-09-26 07:37:00-03	340.40	253.59	2022-06-01 11:56:47-03
932	932	6	87	PF	2015-06-21 09:06:00-03	11546.25	11282.89	2022-12-29 20:59:59.867681-03
249	249	6	93	PF	2019-01-10 12:25:00-02	715.50	659.20	2022-12-16 18:22:34-03
386	386	6	93	PF	2018-11-03 09:58:00-03	39716.58	36353.97	2020-12-29 10:32:54-03
590	590	6	93	PF	2018-10-09 08:33:00-03	33128.77	29602.17	2022-12-29 20:59:59.140697-03
720	720	6	93	PF	2021-03-23 07:56:00-03	4125.00	3729.58	2022-12-29 20:59:59.313784-03
871	871	6	93	PF	2022-08-22 11:00:00-03	93.76	31.70	2022-12-29 20:59:59.070331-03
956	956	6	93	PF	2017-07-11 12:45:00-03	1352.76	842.29	2022-12-29 20:59:59.244944-03
35	35	6	97	PF	2015-09-11 09:06:00-03	47696.28	44817.87	2022-09-02 22:15:46-03
109	109	6	97	PF	2022-03-16 10:53:00-03	35.22	21.66	2022-12-29 21:00:00.141983-03
255	255	6	97	PF	2022-10-10 07:25:00-03	9955.43	9653.13	2022-12-29 21:00:00.544877-03
320	320	6	97	PF	2017-08-26 10:14:00-03	37.83	19.21	2022-12-29 21:00:00.752502-03
540	540	6	97	PF	2018-12-07 14:22:00-02	19180.56	18481.90	2021-08-19 01:14:57-03
15	15	7	20	PF	2022-09-11 12:51:00-03	2647.60	3218.29	2022-12-29 21:00:00.679061-03
16	16	7	20	PF	2018-04-20 09:01:00-03	2065.38	2132.85	2022-12-29 20:35:48-03
17	17	7	20	PF	2020-03-12 09:51:00-03	326.41	237.60	2022-12-29 20:59:59.64537-03
22	22	7	20	PF	2020-11-14 08:11:00-03	161.32	103.16	2022-12-29 21:00:00.984558-03
31	31	7	20	PF	2016-09-25 11:39:00-03	21553.25	20280.68	2022-05-07 19:35:02-03
52	52	7	20	PF	2022-08-14 12:20:00-03	22026.20	17655.11	2022-12-29 20:59:59.006537-03
59	59	7	20	PF	2017-03-10 09:19:00-03	796.55	764.36	2022-10-11 09:56:13-03
61	61	7	20	PF	2015-11-19 13:34:00-02	361.86	241.98	2022-12-29 20:30:58-03
74	74	7	20	PF	2016-07-26 07:37:00-03	125.97	47.88	2022-12-29 07:20:39-03
84	84	7	20	PF	2021-05-18 10:34:00-03	36568.16	33313.75	2022-12-28 15:00:21-03
92	92	7	20	PF	2017-02-03 13:31:00-02	4.74	96.52	2019-07-30 00:31:10-03
112	112	7	20	PF	2021-07-11 09:15:00-03	43416.76	42606.49	2022-12-29 21:00:00.403303-03
114	114	7	20	PF	2022-11-11 08:04:00-03	3760.20	17418.36	2022-12-29 21:00:00.855203-03
131	131	7	20	PF	2022-03-07 07:12:00-03	36.80	822.97	2022-12-29 20:59:59.668242-03
160	160	7	20	PF	2019-11-02 13:31:00-03	723.93	702.08	2022-12-29 21:00:00.272893-03
210	210	7	20	PF	2018-11-15 12:36:00-02	97.46	67.79	2022-12-29 16:24:01-03
220	220	7	20	PF	2017-08-17 08:51:00-03	400725.03	377919.46	2022-05-11 12:01:12-03
227	227	7	20	PF	2022-12-27 10:30:00-03	9071.87	8827.14	2022-12-29 21:00:00.577376-03
239	239	7	20	PF	2017-02-25 13:31:00-03	20825.14	21003.24	2022-09-24 22:03:58-03
241	241	7	20	PF	2021-02-26 09:19:00-03	7555.26	6136.91	2022-12-29 20:59:59.851594-03
265	265	7	20	PF	2019-06-05 08:17:00-03	36319.33	34565.51	2022-12-29 20:50:17-03
266	266	7	20	PF	2016-09-15 08:01:00-03	25309.07	23006.93	2021-10-10 09:19:52-03
270	270	7	20	PF	2019-09-05 13:38:00-03	22222.92	21620.27	2022-12-29 21:00:00.604683-03
285	285	7	20	PF	2017-08-06 10:36:00-03	13532.30	12467.51	2022-12-29 21:00:00.725196-03
295	295	7	20	PF	2017-07-13 10:27:00-03	11694.36	11614.69	2022-12-24 14:23:35-03
299	299	7	20	PF	2022-05-02 09:39:00-03	47.74	2.57	2022-12-29 21:00:00.280458-03
300	300	7	20	PF	2021-06-24 12:39:00-03	368.99	354.60	2022-12-29 20:59:59.045471-03
339	339	7	20	PF	2019-10-13 12:10:00-03	24710.69	22194.86	2022-12-29 20:59:59.253001-03
351	351	7	20	PF	2020-08-19 13:52:00-03	404.95	253.86	2022-12-29 20:59:59.487488-03
353	353	7	20	PF	2021-10-19 09:13:00-03	10744.80	10071.98	2022-12-29 20:59:59.642663-03
354	354	7	20	PF	2020-02-24 12:41:00-03	26258.02	24081.21	2022-12-29 20:59:59.550399-03
358	358	7	20	PF	2019-03-15 12:56:00-03	38618.04	36812.24	2022-12-29 21:00:00.67282-03
362	362	7	20	PF	2019-11-09 07:52:00-03	53389.32	51760.47	2022-12-29 21:00:00.027547-03
393	393	7	20	PF	2022-10-27 13:27:00-03	14967.48	13695.14	2022-12-29 21:00:00.953339-03
394	394	7	20	PF	2016-12-21 11:31:00-02	25574.68	25979.61	2022-09-04 11:21:39-03
399	399	7	20	PF	2018-09-23 13:32:00-03	30431.92	28423.39	2022-12-29 21:00:00.617979-03
402	402	7	20	PF	2021-07-15 09:44:00-03	57385.86	54610.49	2022-12-29 21:00:00.233882-03
424	424	7	20	PF	2022-02-10 09:31:00-03	96353.49	88192.70	2022-12-29 20:59:59.736308-03
434	434	7	20	PF	2021-08-02 12:38:00-03	324.06	945.62	2022-11-09 11:01:03-03
442	442	7	20	PF	2022-12-17 10:24:00-03	22957.82	20014.45	2023-01-15 12:57:23.427556-03
446	446	7	20	PF	2015-10-08 10:35:00-03	4383.79	3850.53	2022-03-14 19:14:51-03
492	492	7	20	PF	2016-06-17 08:48:00-03	262.46	239.80	2022-12-29 21:00:00.949544-03
499	499	7	20	PF	2022-11-07 08:37:00-03	135452.03	130201.51	2022-12-29 20:59:59.934531-03
531	531	7	20	PF	2020-04-17 10:12:00-03	922.64	579.95	2022-12-10 07:44:24-03
544	544	7	20	PF	2018-09-08 09:35:00-03	83742.51	82074.95	2022-07-01 11:59:44-03
553	553	7	20	PF	2017-10-25 10:12:00-02	27282.17	26909.57	2022-12-29 20:04:30-03
586	586	7	20	PF	2021-04-18 08:35:00-03	85580.49	84678.16	2022-12-29 20:59:59.71737-03
587	587	7	20	PF	2019-09-06 12:59:00-03	45734.28	21792.21	2022-12-29 20:59:59.766139-03
596	596	7	20	PF	2022-08-06 10:27:00-03	766.10	689.65	2022-12-29 20:59:59.965911-03
601	601	7	20	PF	2019-06-24 07:12:00-03	55381.31	50163.84	2022-12-29 20:59:58-03
626	626	7	20	PF	2022-07-25 07:12:00-03	27364.75	25670.85	2022-12-29 20:59:59.700666-03
634	634	7	20	PF	2021-07-02 10:31:00-03	48.63	21.57	2022-12-29 21:00:00.099734-03
662	662	7	20	PF	2022-12-15 09:50:00-03	25648.76	24995.14	2022-12-31 00:13:47.434674-03
678	678	7	20	PF	2016-06-06 09:17:00-03	9935.51	9839.71	2021-12-12 09:27:17-03
679	679	7	20	PF	2019-01-08 13:11:00-02	8394.09	8519.33	2022-06-30 07:11:49-03
704	704	7	20	PF	2021-10-11 11:10:00-03	16362.50	15714.77	2022-12-29 20:38:42-03
712	712	7	20	PF	2019-06-16 09:47:00-03	34828.10	45918.69	2022-12-29 20:56:56-03
718	718	7	20	PF	2018-03-09 11:52:00-03	44328.16	40732.59	2022-12-25 18:35:51-03
730	730	7	20	PF	2019-05-02 08:22:00-03	29.15	16.43	2022-12-29 20:57:11-03
773	773	7	20	PF	2018-02-27 13:20:00-03	4140.31	3896.88	2021-01-08 00:42:17-03
789	789	7	20	PF	2021-09-04 11:30:00-03	1840.62	932.73	2022-12-29 21:00:00.165285-03
829	829	7	20	PF	2020-04-16 07:33:00-03	256.76	106.62	2022-12-29 21:00:00.573423-03
842	842	7	20	PF	2020-10-02 07:21:00-03	1193.70	1109.88	2022-12-29 21:00:00.848782-03
868	868	7	20	PF	2022-12-02 10:06:00-03	443.11	407.87	2022-12-29 21:00:00.944789-03
887	887	7	20	PF	2021-02-27 08:43:00-03	17067.48	15458.46	2022-12-29 21:00:00.726093-03
900	900	7	20	PF	2021-08-06 09:29:00-03	375.72	71.92	2022-12-29 21:00:00.560008-03
952	952	7	20	PF	2019-12-04 09:14:00-03	1104.79	823.30	2022-12-21 01:27:09-03
977	977	7	20	PF	2018-12-15 11:03:00-02	1129.52	1012.65	2022-08-11 02:32:58-03
983	983	7	20	PF	2019-04-15 09:52:00-03	1415.92	1307.75	2022-12-29 21:00:00.902268-03
28	28	7	26	PF	2017-04-03 13:11:00-03	52654.36	50324.19	2019-11-24 03:23:48-03
65	65	7	26	PF	2018-08-26 09:33:00-03	255.26	208.15	2022-06-24 04:04:11-03
67	67	7	26	PF	2018-05-14 10:27:00-03	3343.62	3092.46	2022-08-25 20:00:41-03
78	78	7	26	PF	2019-12-27 09:52:00-03	5572.91	5007.53	2022-12-29 21:00:00.809693-03
81	81	7	26	PF	2021-04-03 10:18:00-03	4317.82	4035.66	2022-12-29 20:55:31-03
83	83	7	26	PF	2021-10-07 10:04:00-03	16.12	9550.96	2022-12-29 20:59:59.01211-03
86	86	7	26	PF	2016-03-05 10:55:00-03	140.70	180.20	2022-12-29 20:59:59.734403-03
113	113	7	26	PF	2020-01-07 11:29:00-03	647.69	30.71	2022-12-29 21:00:00.861205-03
118	118	7	26	PF	2022-04-14 09:33:00-03	265.88	244.56	2022-12-29 20:59:59.719978-03
144	144	7	26	PF	2022-04-06 11:46:00-03	347.14	885.10	2022-12-29 20:59:59.082654-03
183	183	7	26	PF	2019-12-19 11:01:00-03	1028.98	2655.28	2022-05-29 21:01:16-03
224	224	7	26	PF	2019-09-20 09:30:00-03	91.82	32.29	2022-12-25 05:00:32-03
245	245	7	26	PF	2018-06-15 08:38:00-03	27657.72	26339.26	2022-12-29 20:59:59-03
246	246	7	26	PF	2019-05-23 12:55:00-03	73563.28	74061.33	2022-12-29 20:59:59.627232-03
264	264	7	26	PF	2020-03-19 11:13:00-03	1065.24	946.80	2022-12-29 21:00:00.735424-03
274	274	7	26	PF	2018-08-16 09:55:00-03	105741.37	101639.81	2022-12-29 21:00:00.961613-03
276	276	7	26	PF	2021-02-03 08:25:00-03	10241.66	9370.81	2022-12-29 21:00:00-03
283	283	7	26	PF	2018-10-13 09:41:00-03	12870.35	12935.61	2020-02-17 17:36:45-03
301	301	7	26	PF	2015-10-20 11:23:00-02	23199.27	21653.35	2018-02-13 20:02:10-02
310	310	7	26	PF	2020-11-04 10:05:00-03	6616.23	6132.56	2022-12-29 20:59:59.317275-03
317	317	7	26	PF	2020-08-17 11:35:00-03	5980.91	5950.89	2022-12-29 21:00:00.052211-03
342	342	7	26	PF	2018-05-18 12:37:00-03	33695.25	33336.16	2022-12-27 18:36:43-03
360	360	7	26	PF	2021-08-15 08:39:00-03	22218.49	20525.77	2022-12-29 20:59:59.867839-03
385	385	7	26	PF	2018-08-06 09:05:00-03	12044.82	13802.43	2022-12-27 08:30:13-03
411	411	7	26	PF	2022-03-10 07:33:00-03	165559.71	158495.13	2022-12-29 20:59:59.944608-03
414	414	7	26	PF	2017-04-10 11:29:00-03	6141.77	5669.23	2020-11-10 00:12:37-03
417	417	7	26	PF	2022-10-17 10:56:00-03	11095.68	9982.92	2022-12-29 21:00:00.800093-03
421	421	7	26	PF	2020-04-24 07:07:00-03	466.62	439.10	2022-01-16 10:03:01-03
433	433	7	26	PF	2021-12-16 08:19:00-03	815.30	63.93	2022-12-29 21:00:00.875751-03
437	437	7	26	PF	2022-10-27 08:52:00-03	742.21	608.31	2022-12-29 20:59:59.69084-03
457	457	7	26	PF	2017-04-14 08:13:00-03	3056.27	2809.97	2022-10-24 03:20:14-03
464	464	7	26	PF	2021-04-20 07:09:00-03	11680.43	10722.87	2022-12-29 20:59:59.922199-03
477	477	7	26	PF	2022-08-20 11:19:00-03	1851.45	1311.39	2022-12-29 21:00:00.000358-03
491	491	7	26	PF	2020-09-03 11:33:00-03	34816.11	36237.31	2022-12-29 20:59:59.616802-03
498	498	7	26	PF	2015-08-25 11:46:00-03	5685.15	5739.17	2022-04-14 06:59:35-03
506	506	7	26	PF	2017-11-25 14:17:00-02	11257.52	11621.17	2022-12-28 18:37:30-03
521	521	7	26	PF	2022-09-13 10:05:00-03	248.55	146.28	2022-12-29 21:00:00.093542-03
527	527	7	26	PF	2015-08-10 09:14:00-03	151338.39	142774.92	2022-05-07 07:06:41-03
529	529	7	26	PF	2020-03-23 12:22:00-03	31630.65	29764.67	2022-12-29 21:00:00.420726-03
530	530	7	26	PF	2018-02-14 10:30:00-02	11555.85	11723.30	2020-10-08 15:48:41-03
550	550	7	26	PF	2017-06-25 12:12:00-03	102824.60	95089.16	2022-12-29 21:00:00.450168-03
552	552	7	26	PF	2018-06-17 11:15:00-03	31.29	769.68	2022-12-29 20:59:59.668211-03
573	573	7	26	PF	2021-05-11 12:05:00-03	830.56	498.36	2022-12-29 20:59:59.304535-03
579	579	7	26	PF	2018-10-03 13:00:00-03	7337.75	6816.73	2022-08-12 05:56:55-03
581	581	7	26	PF	2017-07-06 08:09:00-03	8627.61	7873.11	2020-12-16 04:28:46-03
588	588	7	26	PF	2019-09-07 12:19:00-03	6797.46	6144.82	2022-12-29 21:00:00.738262-03
622	622	7	26	PF	2018-01-24 12:45:00-02	2143.14	1912.43	2022-12-29 21:00:00-03
628	628	7	26	PF	2020-07-08 07:33:00-03	85151.42	84354.36	2022-12-29 21:00:00.579349-03
636	636	7	26	PF	2016-12-26 13:16:00-02	7746.56	7061.73	2020-04-17 13:03:00-03
637	637	7	26	PF	2017-03-05 13:46:00-03	3806.22	3668.45	2021-07-18 17:15:52-03
646	646	7	26	PF	2018-08-15 12:30:00-03	45815.84	44858.96	2022-12-29 20:59:51-03
649	649	7	26	PF	2016-04-11 10:35:00-03	21961.58	22871.31	2021-11-14 00:58:03-03
650	650	7	26	PF	2022-07-12 10:16:00-03	7.04	684.28	2022-12-29 21:00:00.047577-03
674	674	7	26	PF	2021-02-10 10:27:00-03	235.97	179.31	2022-12-29 20:59:59.238639-03
680	680	7	26	PF	2016-08-07 09:18:00-03	55.69	39.95	2022-10-19 14:49:07-03
681	681	7	26	PF	2018-07-23 10:19:00-03	160415.01	90516.74	2022-12-29 21:00:00.936138-03
690	690	7	26	PF	2022-02-27 11:01:00-03	27760.70	28603.20	2022-12-29 20:59:59.652586-03
691	691	7	26	PF	2020-07-15 13:46:00-03	107912.57	101404.81	2022-05-08 05:59:54-03
716	716	7	26	PF	2019-05-02 13:21:00-03	427.16	228.04	2022-12-29 20:59:39-03
728	728	7	26	PF	2020-11-23 09:34:00-03	19557.77	20119.83	2022-12-29 20:59:59.205189-03
737	737	7	26	PF	2021-01-28 11:26:00-03	901.60	2456.42	2022-12-29 20:59:59.840133-03
761	761	7	26	PF	2016-06-07 12:04:00-03	9.27	1232.10	2022-12-29 21:00:00.119507-03
771	771	7	26	PF	2020-01-16 09:55:00-03	92428.74	97788.51	2022-12-29 20:59:59.687011-03
782	782	7	26	PF	2019-01-10 09:19:00-02	35279.74	32124.63	2022-02-19 04:16:19-03
783	783	7	26	PF	2015-09-21 08:35:00-03	41501.58	37538.71	2019-01-07 17:33:10-02
794	794	7	26	PF	2019-11-14 08:15:00-03	996.41	938.79	2022-12-29 20:56:29-03
807	807	7	26	PF	2022-07-28 13:18:00-03	50704.86	51891.35	2022-12-29 21:00:00.592089-03
836	836	7	26	PF	2022-08-23 08:20:00-03	419.59	370.66	2022-12-29 21:00:00.462972-03
849	849	7	26	PF	2021-06-05 08:43:00-03	5047.48	5126.29	2022-12-29 21:00:00.659239-03
864	864	7	26	PF	2017-04-28 12:30:00-03	12665.79	13352.69	2022-01-05 14:26:55-03
902	902	7	26	PF	2018-03-17 12:41:00-03	1374.98	1311.14	2022-12-29 20:33:50-03
912	912	7	26	PF	2020-07-16 09:22:00-03	23870.49	24429.25	2022-12-29 20:59:59.389408-03
941	941	7	26	PF	2022-05-22 09:02:00-03	272.64	47.30	2022-12-29 21:00:00.400207-03
946	946	7	26	PF	2016-03-05 07:07:00-03	379.39	239.80	2022-12-26 17:25:06-03
968	968	7	26	PF	2018-02-01 14:14:00-02	170.82	96.02	2022-12-29 21:00:00.714991-03
971	971	7	26	PF	2021-02-12 09:24:00-03	18364.65	16534.76	2022-12-29 21:00:00.373015-03
979	979	7	26	PF	2018-03-09 13:27:00-03	33568.81	30770.18	2022-10-19 16:23:43-03
981	981	7	26	PF	2021-09-13 11:38:00-03	824.66	328.66	2022-12-29 20:59:59.232516-03
982	982	7	26	PF	2019-11-25 08:04:00-03	92.57	29.60	2022-12-29 20:59:59.062577-03
984	984	7	26	PF	2016-12-15 10:04:00-02	9173.72	8208.76	2022-12-29 20:59:59.205493-03
991	991	7	26	PF	2019-02-14 11:36:00-02	14.08	3.53	2022-12-29 20:57:35-03
995	995	7	26	PF	2021-02-06 10:22:00-03	872.16	801.72	2022-12-29 21:00:00.165332-03
996	996	7	26	PF	2017-02-20 11:29:00-03	37556.42	34524.93	2022-12-29 20:59:59.192225-03
997	997	7	26	PF	2020-11-20 10:29:00-03	88.69	84.08	2022-12-29 20:59:59.374137-03
8	8	7	48	PF	2021-08-13 08:07:00-03	1238.66	1054.95	2022-12-29 21:00:00.045457-03
18	18	7	48	PF	2021-07-18 12:07:00-03	226548.63	217787.98	2022-12-29 21:00:00.494383-03
54	54	7	48	PF	2017-09-08 09:55:00-03	30239.92	30255.81	2022-12-29 20:59:59.04732-03
77	77	7	48	PF	2019-02-01 11:17:00-02	415.61	349.81	2022-12-29 15:22:35-03
87	87	7	48	PF	2020-07-08 11:09:00-03	35777.78	34063.46	2022-12-29 21:00:00.140185-03
97	97	7	48	PF	2021-09-28 11:36:00-03	46143.09	46508.29	2022-12-29 21:00:00.234617-03
105	105	7	48	PF	2018-11-27 13:02:00-02	34360.53	32440.67	2022-12-29 21:00:00.472328-03
124	124	7	48	PF	2021-03-27 11:20:00-03	2933.24	2862.07	2022-12-29 21:00:00.089132-03
130	130	7	48	PF	2019-11-15 07:31:00-03	487.23	729.13	2022-12-29 20:59:59.154984-03
139	139	7	48	PF	2016-09-23 11:05:00-03	437.81	401.65	2022-10-31 03:36:34-03
143	143	7	48	PF	2020-04-19 10:29:00-03	2958.60	2772.60	2022-12-29 21:00:00.1751-03
149	149	7	48	PF	2020-06-25 09:32:00-03	21312.00	19341.19	2022-12-29 20:59:59.32956-03
178	178	7	48	PF	2020-07-17 13:24:00-03	24518.92	23767.60	2022-12-29 20:59:59.861661-03
197	197	7	48	PF	2020-09-26 09:01:00-03	198787.40	181219.01	2022-12-29 20:59:59.717134-03
202	202	7	48	PF	2016-04-22 08:19:00-03	19693.78	17714.93	2022-12-29 20:59:59.959341-03
216	216	7	48	PF	2019-12-06 08:03:00-03	75578.50	74679.17	2022-12-29 21:00:00.805063-03
226	226	7	48	PF	2017-01-14 09:27:00-02	30179.97	27655.51	2022-12-29 20:59:59.118784-03
228	228	7	48	PF	2022-03-04 10:41:00-03	78851.94	82933.80	2022-12-29 20:59:59.82221-03
271	271	7	48	PF	2020-12-02 09:41:00-03	72928.57	71467.54	2022-12-29 20:59:59.892527-03
297	297	7	48	PF	2018-08-11 10:45:00-03	925.88	879.13	2020-03-20 02:25:01-03
307	307	7	48	PF	2017-02-10 14:42:00-02	95.07	72.72	2022-12-29 20:59:50-03
319	319	7	48	PF	2021-08-18 12:41:00-03	62237.18	64114.92	2022-12-29 20:59:59.733003-03
341	341	7	48	PF	2016-04-12 09:25:00-03	9032.98	7596.00	2022-12-29 05:28:05-03
352	352	7	48	PF	2022-06-05 11:12:00-03	25597.94	24148.99	2022-12-29 20:59:59.631499-03
380	380	7	48	PF	2015-10-25 13:27:00-02	28308.88	29778.26	2022-12-29 19:26:11-03
389	389	7	48	PF	2021-12-13 10:02:00-03	101.15	98.44	2022-12-29 20:59:59.261739-03
398	398	7	48	PF	2022-02-16 11:30:00-03	87.64	71.32	2022-12-29 21:00:00.412707-03
418	418	7	48	PF	2016-05-12 09:48:00-03	26645.94	27003.54	2021-03-23 05:48:36-03
422	422	7	48	PF	2022-11-27 10:46:00-03	188.43	101.76	2022-12-29 20:59:59.967295-03
438	438	7	48	PF	2017-06-10 11:28:00-03	11894.96	10485.76	2022-11-27 07:34:00-03
459	459	7	48	PF	2019-11-05 07:33:00-03	124.79	74.03	2022-09-12 04:13:55-03
479	479	7	48	PF	2022-09-27 08:03:00-03	328.57	290.31	2022-12-29 21:00:00.247874-03
487	487	7	48	PF	2019-07-08 12:16:00-03	32798.23	30920.12	2022-12-29 20:59:59.421768-03
490	490	7	48	PF	2021-06-07 07:30:00-03	3991.06	3463.56	2022-12-29 20:59:59.395256-03
500	500	7	48	PF	2016-11-20 11:28:00-02	11679.79	10787.50	2018-03-16 21:50:02-03
537	537	7	48	PF	2020-02-02 13:09:00-03	6522.84	6180.00	2022-12-29 20:59:19-03
543	543	7	48	PF	2017-07-05 12:58:00-03	4106.56	3765.36	2022-12-29 20:59:59.928113-03
549	549	7	48	PF	2019-06-22 12:37:00-03	1106.77	609.15	2021-06-22 11:14:44-03
554	554	7	48	PF	2022-06-02 12:03:00-03	20.31	187.92	2022-12-29 20:59:59.858781-03
577	577	7	48	PF	2016-03-15 13:07:00-03	17829.87	16712.74	2020-01-24 03:19:25-03
606	606	7	48	PF	2021-06-18 11:14:00-03	1239.81	1161.93	2022-12-29 20:59:59.61666-03
625	625	7	48	PF	2021-01-09 08:36:00-03	10787.12	9793.87	2022-12-29 21:00:00.894665-03
647	647	7	48	PF	2018-12-19 11:08:00-02	143.43	118.65	2021-11-07 17:51:03-03
685	685	7	48	PF	2021-02-27 12:29:00-03	56057.11	53350.32	2022-12-29 20:55:37-03
687	687	7	48	PF	2021-12-14 07:04:00-03	44954.05	42763.73	2022-12-29 20:59:59.761148-03
698	698	7	48	PF	2018-08-14 12:16:00-03	52949.88	49952.45	2022-12-29 20:59:59.584934-03
710	710	7	48	PF	2019-06-26 09:44:00-03	3706.83	3069.41	2022-09-27 19:56:46-03
732	732	7	48	PF	2018-07-26 11:07:00-03	26142.37	26741.50	2022-12-29 19:57:44-03
755	755	7	48	PF	2019-05-27 10:47:00-03	48347.01	45095.63	2022-12-29 20:59:59.120822-03
756	756	7	48	PF	2021-01-16 09:06:00-03	11326.05	11697.77	2022-12-29 21:00:00.894387-03
769	769	7	48	PF	2017-01-07 12:53:00-02	3666.87	3430.07	2022-08-28 23:51:43-03
787	787	7	48	PF	2017-10-10 09:04:00-03	109334.01	103374.03	2022-12-29 20:59:59.897455-03
796	796	7	48	PF	2019-11-08 12:59:00-03	5281.92	5077.32	2022-11-30 05:27:05-03
802	802	7	48	PF	2015-11-05 09:08:00-02	32374.37	29643.65	2019-03-14 10:46:53-03
824	824	7	48	PF	2016-01-07 10:26:00-02	18454.71	19004.63	2017-05-11 00:33:48-03
839	839	7	48	PF	2017-01-02 10:37:00-02	14016.34	14495.29	2019-10-04 07:15:58-03
855	855	7	48	PF	2017-02-25 10:28:00-03	48777.11	44463.94	2022-12-29 20:59:59.12807-03
880	880	7	48	PF	2017-06-06 11:49:00-03	20335.09	18485.37	2022-12-29 21:00:00.847649-03
883	883	7	48	PF	2015-09-05 13:18:00-03	29382.13	28322.77	2017-05-01 08:52:54-03
937	937	7	48	PF	2022-06-16 08:01:00-03	1659.43	1094.97	2022-12-29 20:59:59.334982-03
967	967	7	48	PF	2016-02-21 11:33:00-03	62645.78	61092.73	2021-05-01 15:32:58-03
37	37	7	64	PF	2022-07-03 13:07:00-03	352.04	328.26	2022-12-29 21:00:00.548502-03
47	47	7	64	PF	2021-12-07 08:46:00-03	37349.64	35527.59	2022-12-29 20:59:59.13653-03
82	82	7	64	PF	2019-07-03 10:17:00-03	2813.93	2530.10	2021-01-31 12:14:12-03
89	89	7	64	PF	2021-08-26 10:23:00-03	69758.36	71055.33	2022-12-29 20:59:59.589585-03
103	103	7	64	PF	2018-05-25 10:51:00-03	38172.35	49975.53	2022-12-24 22:32:24-03
126	126	7	64	PF	2017-07-25 09:04:00-03	57292.05	52158.79	2022-05-19 18:41:47-03
142	142	7	64	PF	2021-10-04 12:56:00-03	229.99	370.30	2022-12-29 20:55:11-03
165	165	7	64	PF	2020-01-23 09:15:00-03	9170.93	8355.74	2022-12-29 21:00:00.817421-03
167	167	7	64	PF	2021-08-21 11:10:00-03	132218.81	121260.38	2022-12-29 20:59:59.968117-03
213	213	7	64	PF	2019-08-18 08:33:00-03	60366.02	55301.67	2022-12-29 21:00:00.30342-03
225	225	7	64	PF	2020-08-18 11:58:00-03	419923.18	411617.06	2022-12-29 21:00:00.269647-03
240	240	7	64	PF	2021-03-16 11:29:00-03	6642.56	6437.99	2022-12-29 20:59:59.51902-03
261	261	7	64	PF	2015-09-20 09:35:00-03	40119.08	38945.43	2022-12-29 20:44:39-03
263	263	7	64	PF	2017-12-27 11:22:00-02	14228.49	14502.43	2022-12-29 21:00:00.617224-03
267	267	7	64	PF	2022-09-12 08:33:00-03	15860.20	15184.19	2022-12-29 21:00:00.444154-03
289	289	7	64	PF	2022-12-11 11:34:00-03	392.81	392.94	2022-12-29 20:59:59.132011-03
292	292	7	64	PF	2015-10-10 09:03:00-03	134384.26	141742.22	2022-12-25 20:15:34-03
294	294	7	64	PF	2021-05-13 08:44:00-03	52858.19	53347.53	2022-12-29 21:00:00.992566-03
302	302	7	64	PF	2017-01-10 11:05:00-02	47083.90	43163.70	2021-11-16 11:44:15-03
303	303	7	64	PF	2017-04-11 10:13:00-03	59.48	31.21	2021-04-10 19:33:27-03
315	315	7	64	PF	2022-12-19 11:37:00-03	15067.78	14528.58	2022-12-29 20:59:59.317419-03
329	329	7	64	PF	2019-06-25 12:18:00-03	22775.06	18148.49	2022-12-29 21:00:00.84273-03
379	379	7	64	PF	2021-02-21 10:18:00-03	1110.26	873.60	2022-12-29 20:59:59.357548-03
412	412	7	64	PF	2020-12-01 11:13:00-03	299.25	233.56	2022-12-29 21:00:00.335954-03
423	423	7	64	PF	2017-11-26 14:12:00-02	7737.60	7639.31	2022-11-12 21:07:27-03
441	441	7	64	PF	2019-06-05 13:33:00-03	23947.12	24571.72	2022-12-29 21:00:00.018795-03
454	454	7	64	PF	2022-09-12 10:27:00-03	1612.04	1266.84	2022-12-29 20:59:59.804937-03
461	461	7	64	PF	2021-03-12 12:04:00-03	472.88	285.26	2022-12-29 20:59:59.315902-03
482	482	7	64	PF	2019-08-23 08:22:00-03	67872.97	67382.17	2022-12-26 15:18:07-03
538	538	7	64	PF	2022-11-25 08:24:00-03	2676.30	2429.12	2022-12-29 21:00:00.311419-03
542	542	7	64	PF	2022-06-02 08:54:00-03	275.73	249.04	2022-12-29 21:00:00.246974-03
546	546	7	64	PF	2019-12-14 13:56:00-03	134.74	83.90	2022-12-29 21:00:00.590251-03
551	551	7	64	PF	2018-03-13 08:48:00-03	30963.52	28648.37	2022-12-26 08:10:19-03
558	558	7	64	PF	2021-08-23 09:15:00-03	359.56	148.96	2022-12-29 20:59:59.756309-03
565	565	7	64	PF	2016-06-28 09:31:00-03	4723.79	4450.35	2022-12-29 20:59:59.361189-03
570	570	7	64	PF	2021-12-14 07:13:00-03	1634.64	1530.20	2022-12-29 20:59:07-03
595	595	7	64	PF	2016-10-11 12:15:00-03	244085.13	251588.81	2019-07-28 12:05:07-03
657	657	7	64	PF	2020-03-06 10:40:00-03	76149.84	75325.04	2022-12-29 20:59:59.664969-03
673	673	7	64	PF	2016-09-09 11:30:00-03	92837.59	86746.66	2022-08-19 14:46:19-03
686	686	7	64	PF	2021-05-26 07:49:00-03	9942.37	9726.47	2022-12-29 20:59:59.939569-03
702	702	7	64	PF	2017-05-25 12:10:00-03	26386.73	26892.41	2022-12-29 20:42:02-03
709	709	7	64	PF	2018-09-07 08:13:00-03	111450.85	107095.24	2022-12-28 01:19:32-03
722	722	7	64	PF	2018-05-16 10:22:00-03	13669.03	13065.00	2022-12-29 20:59:59.593951-03
738	738	7	64	PF	2018-12-19 14:10:00-02	17755.96	16268.02	2022-12-29 21:00:00.196002-03
746	746	7	64	PF	2021-08-27 12:36:00-03	6437.88	6676.28	2022-12-29 20:57:27-03
754	754	7	64	PF	2022-12-15 11:27:00-03	1251.16	810.28	2022-12-29 20:59:59.225241-03
757	757	7	64	PF	2016-12-10 13:46:00-02	7591.24	7573.15	2022-12-29 21:00:00.249453-03
792	792	7	64	PF	2018-12-08 10:54:00-02	40346.73	38036.24	2022-12-29 20:59:59.722139-03
818	818	7	64	PF	2021-05-08 09:31:00-03	40853.20	41083.46	2022-12-29 20:37:02-03
851	851	7	64	PF	2022-05-02 07:45:00-03	182.18	152.01	2022-12-29 20:59:59.256705-03
857	857	7	64	PF	2017-05-14 11:29:00-03	1985.66	1836.71	2022-12-29 20:35:39-03
865	865	7	64	PF	2019-05-06 07:03:00-03	11394.44	11738.35	2022-12-29 20:59:59.154938-03
873	873	7	64	PF	2021-05-25 12:15:00-03	179.77	171.20	2022-12-29 21:00:00.872384-03
874	874	7	64	PF	2021-11-20 07:46:00-03	187.61	67.71	2022-12-29 20:59:59.217707-03
917	917	7	64	PF	2016-05-18 08:07:00-03	2074.12	1891.00	2022-12-29 21:00:00.003824-03
928	928	7	64	PF	2022-12-16 07:46:00-03	1453.08	1108.93	2023-01-08 15:51:04.806542-03
936	936	7	64	PF	2017-03-27 13:43:00-03	95650.13	98589.38	2021-07-24 04:40:28-03
951	951	7	64	PF	2018-11-19 09:53:00-02	5283.16	1806.91	2021-05-05 16:10:09-03
957	957	7	64	PF	2020-08-10 12:07:00-03	14387.09	13140.68	2022-12-29 21:00:00.183784-03
973	973	7	64	PF	2020-12-25 12:51:00-03	3776.58	3691.88	2022-12-29 21:00:00.572579-03
992	992	7	64	PF	2020-02-13 09:01:00-03	2219.01	2138.16	2022-12-26 18:11:00-03
994	994	7	64	PF	2015-12-02 10:23:00-02	19719.41	19764.44	2022-12-29 20:59:36-03
7	7	7	84	PF	2018-09-12 10:08:00-03	98.65	23.43	2022-12-29 21:00:00.414866-03
98	98	7	84	PF	2018-02-19 08:29:00-03	110694.89	103238.17	2019-12-04 05:10:57-03
100	100	7	84	PF	2017-03-10 12:18:00-03	26815.90	25875.00	2022-12-29 21:00:00.976909-03
117	117	7	84	PF	2022-06-22 07:15:00-03	61939.96	61304.34	2022-12-29 20:59:59.413867-03
122	122	7	84	PF	2016-10-02 08:23:00-03	24.67	11.88	2019-02-18 10:05:43-03
128	128	7	84	PF	2018-05-22 09:30:00-03	8.60	264.73	2022-12-29 20:59:59.447373-03
133	133	7	84	PF	2022-12-22 07:05:00-03	264.91	163.95	2023-01-15 03:14:44.988615-03
137	137	7	84	PF	2017-01-06 12:34:00-02	67907.37	62273.86	2022-12-12 22:27:39-03
150	150	7	84	PF	2021-11-04 08:27:00-03	30578.58	29116.17	2022-12-29 20:59:59.875489-03
151	151	7	84	PF	2018-03-09 12:53:00-03	29082.30	27325.63	2022-07-16 04:45:02-03
159	159	7	84	PF	2022-06-24 10:01:00-03	435.90	410.81	2022-12-29 21:00:00.530312-03
174	174	7	84	PF	2017-04-21 12:02:00-03	23287.88	21444.25	2022-09-14 17:46:48-03
181	181	7	84	PF	2021-06-08 12:03:00-03	32738.63	30918.08	2022-12-29 20:51:04-03
204	204	7	84	PF	2021-02-23 13:46:00-03	7630.23	7643.50	2022-12-27 05:55:17-03
247	247	7	84	PF	2019-07-25 11:05:00-03	92174.68	85291.46	2022-12-29 20:59:59.872999-03
256	256	7	84	PF	2020-04-28 13:46:00-03	3.88	494.70	2022-11-02 14:44:43-03
262	262	7	84	PF	2019-10-19 08:14:00-03	78324.90	78285.28	2022-12-29 21:00:00.641084-03
272	272	7	84	PF	2021-08-25 07:48:00-03	185905.51	177022.98	2022-12-29 20:59:59.90242-03
281	281	7	84	PF	2016-06-27 12:06:00-03	1034.35	669.55	2022-12-29 21:00:00.171235-03
296	296	7	84	PF	2016-07-03 08:32:00-03	14857.75	12292.18	2022-07-30 11:40:55-03
311	311	7	84	PF	2021-10-13 09:56:00-03	2741.65	1066.09	2022-12-29 20:59:59.205706-03
318	318	7	84	PF	2017-03-06 09:50:00-03	49763.07	49705.32	2022-12-29 20:59:59.592804-03
330	330	7	84	PF	2022-06-11 12:44:00-03	25535.14	23786.80	2022-12-29 20:59:59.324736-03
334	334	7	84	PF	2016-10-08 08:12:00-03	20727.58	20722.60	2022-12-29 21:00:00.877463-03
349	349	7	84	PF	2019-01-07 13:47:00-02	28053.59	26634.40	2022-12-29 20:14:40-03
406	406	7	84	PF	2017-08-25 10:16:00-03	4672.45	4835.91	2022-12-29 20:59:10-03
439	439	7	84	PF	2019-05-18 08:42:00-03	1.22	4032.21	2022-12-29 20:59:59.300289-03
478	478	7	84	PF	2022-06-03 07:52:00-03	36880.00	38096.67	2022-12-29 21:00:00.309508-03
489	489	7	84	PF	2019-08-04 10:50:00-03	230.91	139.47	2022-12-29 20:59:59.583176-03
493	493	7	84	PF	2017-12-19 14:53:00-02	17359.52	15370.33	2022-12-29 21:00:00.916154-03
494	494	7	84	PF	2019-09-05 08:39:00-03	353.71	308.37	2022-12-29 20:57:44-03
508	508	7	84	PF	2019-05-18 11:07:00-03	14898.66	14102.08	2022-12-29 21:00:00.042409-03
519	519	7	84	PF	2021-09-14 08:54:00-03	797.46	187.19	2022-12-29 20:55:54-03
536	536	7	84	PF	2020-12-09 11:29:00-03	457.36	1236.60	2022-12-29 21:00:00.975642-03
561	561	7	84	PF	2019-01-20 10:19:00-02	9182.99	8913.97	2022-06-24 05:29:45-03
572	572	7	84	PF	2021-09-21 13:34:00-03	26.11	5.73	2022-12-29 20:59:59.148259-03
589	589	7	84	PF	2018-09-13 10:09:00-03	74008.72	71872.80	2020-06-04 18:51:06-03
593	593	7	84	PF	2019-01-12 08:56:00-02	56788.45	57631.09	2022-12-29 20:59:59.736375-03
607	607	7	84	PF	2015-12-04 09:48:00-02	1963.97	1855.39	2018-09-08 00:23:55-03
618	618	7	84	PF	2018-12-14 09:23:00-02	11413.91	10896.79	2020-05-13 09:18:10-03
627	627	7	84	PF	2020-12-14 10:51:00-03	143.34	11.61	2022-12-29 20:59:59.510087-03
645	645	7	84	PF	2022-05-24 10:33:00-03	296.44	270.09	2022-12-29 21:00:00.157528-03
658	658	7	84	PF	2017-02-07 10:10:00-02	10623.52	10255.33	2019-09-20 17:58:34-03
660	660	7	84	PF	2022-10-28 11:34:00-03	64380.39	61857.22	2022-12-29 21:00:00.202916-03
663	663	7	84	PF	2020-07-21 11:21:00-03	318.79	209.45	2022-12-29 20:59:59.30429-03
682	682	7	84	PF	2020-10-14 13:53:00-03	20.31	225.71	2022-12-29 21:00:00.673322-03
695	695	7	84	PF	2021-04-18 12:39:00-03	18491.94	17175.37	2022-12-29 21:00:00.577676-03
708	708	7	84	PF	2020-07-19 08:21:00-03	959.21	770.50	2022-11-04 01:20:04-03
729	729	7	84	PF	2020-08-21 07:13:00-03	267.79	223.21	2022-12-29 20:59:37-03
734	734	7	84	PF	2020-08-17 12:00:00-03	1021.10	953.19	2022-12-29 21:00:00.912619-03
745	745	7	84	PF	2017-04-23 12:36:00-03	24507.80	22446.31	2022-12-29 21:00:00.182844-03
803	803	7	84	PF	2021-11-17 09:01:00-03	71217.55	67168.87	2022-12-29 20:59:59.437175-03
822	822	7	84	PF	2022-12-16 12:58:00-03	238.97	212.94	2023-01-04 04:55:58.325386-03
827	827	7	84	PF	2022-10-24 11:44:00-03	107556.29	99308.13	2022-12-29 21:00:00.038647-03
860	860	7	84	PF	2021-04-15 11:16:00-03	41005.77	37774.11	2022-12-29 20:59:59.493746-03
882	882	7	84	PF	2020-09-20 09:10:00-03	12488.90	12478.81	2022-12-29 20:59:59.861598-03
884	884	7	84	PF	2017-08-06 08:01:00-03	13113.03	12932.07	2022-12-29 20:43:26-03
893	893	7	84	PF	2022-07-19 10:30:00-03	310.48	298.54	2022-12-29 20:59:59.983608-03
929	929	7	84	PF	2019-02-27 10:07:00-03	34456.31	32992.26	2022-11-13 02:06:34-03
942	942	7	84	PF	2015-10-24 13:54:00-02	48.26	292.65	2021-07-27 10:03:47-03
944	944	7	84	PF	2020-05-09 08:42:00-03	18246.87	16570.43	2022-12-29 21:00:00.292822-03
948	948	7	84	PF	2016-09-25 12:39:00-03	22981.42	23251.53	2022-12-29 21:00:00.750961-03
959	959	7	84	PF	2022-06-07 09:06:00-03	9579.72	10044.11	2022-12-29 20:59:59.868973-03
964	964	7	84	PF	2021-06-24 11:15:00-03	938.70	17.60	2022-12-29 20:59:59.423736-03
969	969	7	84	PF	2020-10-18 07:41:00-03	19705.84	19084.52	2022-12-29 21:00:00.563535-03
986	986	7	84	PF	2016-01-23 10:45:00-02	3674.61	3468.33	2019-01-19 03:34:40-02
999	999	7	84	PF	2017-08-25 12:13:00-03	18697.46	18628.42	2022-12-29 20:59:59.752141-03
12	12	7	85	PF	2016-01-13 10:28:00-02	437.29	405.41	2022-12-29 20:59:58-03
13	13	7	85	PF	2022-12-16 08:20:00-03	229.78	212.50	2023-01-08 04:02:40.717016-03
20	20	7	85	PF	2021-05-20 12:06:00-03	50155.81	49629.64	2022-12-29 20:59:59.134153-03
58	58	7	85	PF	2017-11-02 10:54:00-02	55549.86	57199.63	2022-12-29 21:00:00.41749-03
63	63	7	85	PF	2019-04-10 09:23:00-03	2354.25	2160.99	2022-12-29 21:00:00.08759-03
91	91	7	85	PF	2020-02-17 07:45:00-03	51889.38	50612.74	2022-12-29 20:59:30-03
123	123	7	85	PF	2021-10-16 12:35:00-03	308.13	186.79	2022-12-29 20:59:59.004416-03
182	182	7	85	PF	2020-11-04 09:06:00-03	6257.19	6395.69	2022-12-29 20:59:59.937321-03
273	273	7	85	PF	2020-04-27 08:42:00-03	65.49	29.70	2022-12-29 21:00:00.680274-03
308	308	7	85	PF	2018-06-26 11:23:00-03	28868.04	26440.84	2022-12-29 21:00:00.775337-03
314	314	7	85	PF	2017-02-11 10:07:00-02	19172.35	17788.25	2022-12-23 05:14:19-03
324	324	7	85	PF	2022-01-11 12:19:00-03	123.14	103.13	2022-12-29 21:00:00.277362-03
335	335	7	85	PF	2022-01-02 08:09:00-03	751.07	709.01	2022-12-29 20:59:59.05189-03
337	337	7	85	PF	2017-08-03 11:16:00-03	36506.97	37852.09	2022-12-29 05:42:23-03
338	338	7	85	PF	2016-03-07 11:26:00-03	185276.12	179836.59	2022-12-29 21:00:00.75186-03
345	345	7	85	PF	2017-12-08 11:24:00-02	11346.32	10598.12	2022-12-29 21:00:00.302612-03
348	348	7	85	PF	2018-03-03 08:58:00-03	51345.40	48405.15	2021-10-06 01:37:41-03
367	367	7	85	PF	2015-08-21 08:07:00-03	15067.75	15142.78	2021-11-06 09:28:06-03
369	369	7	85	PF	2022-10-09 08:31:00-03	2372.80	2392.14	2022-12-29 21:00:00.630579-03
378	378	7	85	PF	2018-03-18 09:36:00-03	1483.80	1454.99	2020-12-28 04:37:42-03
384	384	7	85	PF	2022-03-10 10:20:00-03	26811.23	25982.42	2022-12-29 20:59:59.194529-03
391	391	7	85	PF	2020-06-21 08:39:00-03	221113.68	215962.42	2022-10-16 04:03:56-03
392	392	7	85	PF	2015-12-26 13:09:00-02	4970.32	4563.98	2019-09-22 21:15:52-03
396	396	7	85	PF	2021-09-24 08:11:00-03	7540.11	7091.65	2022-12-29 21:00:00.66657-03
397	397	7	85	PF	2018-10-13 07:51:00-03	40026.37	36169.34	2022-12-29 19:02:26-03
409	409	7	85	PF	2015-11-08 12:10:00-02	17764.62	18283.47	2021-04-07 11:37:17-03
458	458	7	85	PF	2017-07-02 11:47:00-03	55600.62	57884.81	2022-12-29 20:59:59.14525-03
463	463	7	85	PF	2017-04-02 10:32:00-03	13633.90	13891.76	2020-11-08 12:13:48-03
465	465	7	85	PF	2017-10-07 11:54:00-03	6002.17	6030.19	2021-08-25 13:37:01-03
469	469	7	85	PF	2018-09-27 08:50:00-03	43152.17	45107.74	2022-12-29 20:59:59.897207-03
471	471	7	85	PF	2022-10-20 13:02:00-03	592.73	529.53	2022-12-29 20:59:59.822754-03
483	483	7	85	PF	2022-10-23 08:12:00-03	59749.51	56176.71	2022-12-29 21:00:00.904481-03
502	502	7	85	PF	2021-12-19 12:05:00-03	58387.64	58427.81	2022-12-29 21:00:00.447584-03
503	503	7	85	PF	2020-11-25 10:30:00-03	5085.35	5111.28	2022-12-29 20:59:59.909101-03
511	511	7	85	PF	2018-11-07 09:57:00-02	36503.11	38393.28	2022-12-18 14:28:23-03
522	522	7	85	PF	2016-11-05 11:26:00-02	1004.89	377.69	2021-01-25 16:40:47-03
524	524	7	85	PF	2019-11-02 08:32:00-03	75259.85	70788.36	2022-12-29 20:53:37-03
609	609	7	85	PF	2017-05-14 12:03:00-03	57623.75	58782.09	2021-09-04 03:56:17-03
619	619	7	85	PF	2020-04-02 11:43:00-03	11.72	789.16	2022-05-21 00:34:21-03
675	675	7	85	PF	2019-04-24 10:55:00-03	43784.88	40696.79	2022-12-29 21:00:00.544625-03
694	694	7	85	PF	2022-04-07 11:35:00-03	137.44	98.67	2022-12-29 20:59:59.153504-03
696	696	7	85	PF	2021-12-24 10:02:00-03	331.32	133.89	2022-12-29 20:59:59.365934-03
719	719	7	85	PF	2016-08-16 10:16:00-03	13048.59	13317.15	2019-12-20 16:18:15-03
724	724	7	85	PF	2019-08-07 10:31:00-03	1378.00	1349.54	2022-09-14 02:40:11-03
731	731	7	85	PF	2017-07-21 08:57:00-03	857.75	512.93	2022-12-26 17:38:55-03
772	772	7	85	PF	2017-06-08 08:13:00-03	53692.84	50042.79	2021-11-12 10:19:09-03
777	777	7	85	PF	2022-01-07 10:03:00-03	1200.76	577.59	2022-12-29 20:59:59.536609-03
791	791	7	85	PF	2015-10-21 11:49:00-02	5609.51	4787.19	2022-12-27 20:54:19-03
795	795	7	85	PF	2022-02-25 12:08:00-03	100.64	51.65	2022-12-29 20:59:59.852052-03
806	806	7	85	PF	2018-05-02 10:32:00-03	584.98	576.96	2022-12-29 20:48:23-03
811	811	7	85	PF	2018-08-06 08:04:00-03	7630.79	7722.45	2022-08-24 00:53:49-03
812	812	7	85	PF	2018-10-24 09:26:00-03	15943.42	16354.83	2022-06-29 12:52:37-03
823	823	7	85	PF	2022-01-18 09:45:00-03	383.59	357.27	2022-12-29 20:59:59.916742-03
847	847	7	85	PF	2017-10-23 10:25:00-02	84.57	35.30	2022-08-17 22:29:44-03
908	908	7	85	PF	2021-04-02 07:22:00-03	121.07	146.49	2022-12-29 20:59:59.051283-03
933	933	7	85	PF	2015-08-12 10:49:00-03	18663.66	17579.49	2017-10-10 12:46:46-03
965	965	7	85	PF	2016-08-28 11:28:00-03	321.13	411.64	2022-12-29 21:00:00.792144-03
976	976	7	85	PF	2015-09-16 12:49:00-03	68294.77	64946.46	2019-08-14 17:05:43-03
32	32	7	86	PF	2017-12-14 12:59:00-02	17618.68	16884.65	2020-10-04 04:29:28-03
88	88	7	86	PF	2020-10-07 11:15:00-03	13428.22	13974.82	2022-12-29 20:59:59.422843-03
99	99	7	86	PF	2017-10-14 09:58:00-03	6520.00	6492.20	2022-12-29 21:00:00.121381-03
101	101	7	86	PF	2018-11-05 12:17:00-02	111513.04	105076.54	2022-12-29 20:44:00-03
121	121	7	86	PF	2021-02-08 08:22:00-03	560.09	167.85	2022-12-29 20:59:59.126199-03
156	156	7	86	PF	2018-09-03 12:21:00-03	77724.42	77618.77	2021-08-29 11:31:08-03
184	184	7	86	PF	2018-11-12 11:09:00-02	30326.43	31954.14	2022-12-29 21:00:00.746947-03
194	194	7	86	PF	2016-12-18 12:20:00-02	6724.23	6042.25	2021-12-11 01:38:39-03
214	214	7	86	PF	2017-04-04 11:29:00-03	62.30	51.56	2022-12-29 20:59:59.589471-03
219	219	7	86	PF	2022-02-17 07:52:00-03	45527.32	46013.39	2022-12-29 21:00:00.69418-03
236	236	7	86	PF	2020-02-25 08:42:00-03	21089.26	21928.04	2022-12-29 20:59:59.882864-03
268	268	7	86	PF	2016-07-06 13:25:00-03	745.35	548.68	2022-04-21 00:27:50-03
282	282	7	86	PF	2017-10-03 09:41:00-03	156.66	78.30	2022-12-29 21:00:00.158915-03
287	287	7	86	PF	2020-07-20 10:04:00-03	37008.84	38511.38	2022-12-29 20:59:59.21128-03
305	305	7	86	PF	2021-07-13 10:43:00-03	275.74	187.48	2022-12-29 21:00:00.012666-03
336	336	7	86	PF	2020-10-18 10:03:00-03	5.06	33.56	2022-12-29 21:00:00.340335-03
344	344	7	86	PF	2022-05-25 10:35:00-03	142.34	26.17	2022-12-29 20:59:59.41915-03
400	400	7	86	PF	2018-04-21 12:16:00-03	27.32	9013.16	2022-12-29 20:59:59.930257-03
401	401	7	86	PF	2020-12-18 08:53:00-03	51461.90	51296.90	2022-08-06 23:42:20-03
403	403	7	86	PF	2020-03-17 10:11:00-03	53898.49	50265.66	2022-12-29 20:59:59.751958-03
404	404	7	86	PF	2022-06-05 12:57:00-03	32344.56	31038.09	2022-12-29 21:00:00.432683-03
426	426	7	86	PF	2022-06-27 08:26:00-03	152392.83	139689.94	2022-12-29 21:00:00.903816-03
436	436	7	86	PF	2019-12-10 09:32:00-03	8634.92	9025.44	2022-12-29 20:59:59.671918-03
445	445	7	86	PF	2019-10-18 11:44:00-03	9499.42	7373.57	2022-12-29 15:13:01-03
470	470	7	86	PF	2016-10-03 11:01:00-03	14772.14	12201.82	2022-12-29 20:59:59.527107-03
474	474	7	86	PF	2020-01-12 07:03:00-03	116.68	13.08	2022-12-29 20:59:59.796608-03
563	563	7	86	PF	2021-07-10 08:51:00-03	46720.60	46232.24	2022-12-29 21:00:00.239283-03
569	569	7	86	PF	2016-11-25 10:47:00-02	38.12	10.87	2022-12-29 20:59:59.599916-03
583	583	7	86	PF	2020-06-25 11:02:00-03	380.63	128.17	2022-12-29 20:59:59.389092-03
594	594	7	86	PF	2019-11-26 11:01:00-03	1648.62	1131.10	2022-11-26 21:35:22-03
605	605	7	86	PF	2022-05-02 13:57:00-03	50226.31	49704.08	2022-12-29 21:00:00.234545-03
629	629	7	86	PF	2018-06-15 10:15:00-03	4654.49	4310.24	2022-12-29 20:49:27-03
654	654	7	86	PF	2019-05-24 09:34:00-03	48933.50	46182.71	2022-12-29 20:59:59.98354-03
665	665	7	86	PF	2019-12-11 11:35:00-03	15668.52	16088.41	2022-12-29 20:59:59.131184-03
669	669	7	86	PF	2016-04-15 11:26:00-03	67205.88	55598.12	2020-04-13 22:45:56-03
683	683	7	86	PF	2022-03-06 10:25:00-03	4130.39	4337.77	2022-12-29 21:00:00.511657-03
707	707	7	86	PF	2016-10-22 12:14:00-02	60833.23	59617.25	2019-01-13 11:11:29-02
748	748	7	86	PF	2019-06-19 08:57:00-03	49285.01	50788.55	2022-12-29 21:00:00.011986-03
784	784	7	86	PF	2020-07-27 09:34:00-03	373.39	331.31	2022-12-29 20:59:59.156407-03
788	788	7	86	PF	2021-06-11 08:11:00-03	38.44	243.41	2022-12-29 21:00:00.956241-03
809	809	7	86	PF	2021-05-18 13:15:00-03	901.68	568.80	2022-12-29 20:59:59.380966-03
816	816	7	86	PF	2017-04-18 12:01:00-03	157.97	57.04	2022-12-23 10:45:19-03
835	835	7	86	PF	2019-12-09 08:43:00-03	39400.28	38090.60	2022-12-29 20:59:59.787445-03
843	843	7	86	PF	2019-08-09 07:35:00-03	11976.37	11226.09	2021-07-01 23:15:55-03
854	854	7	86	PF	2017-04-13 09:22:00-03	656.25	652.94	2022-12-29 20:59:59.220665-03
859	859	7	86	PF	2020-11-03 08:41:00-03	4935.65	1943.39	2022-12-29 21:00:00.920671-03
867	867	7	86	PF	2016-10-14 09:02:00-03	112726.72	112686.21	2019-03-15 08:54:30-03
885	885	7	86	PF	2018-03-01 12:45:00-03	16065.41	15859.56	2020-09-01 23:39:39-03
894	894	7	86	PF	2019-06-04 09:01:00-03	39102.76	36479.20	2022-10-23 16:09:11-03
901	901	7	86	PF	2020-01-18 10:48:00-03	18.92	310.45	2022-12-29 20:59:59.192828-03
907	907	7	86	PF	2022-08-01 09:44:00-03	4204.58	4444.39	2022-12-29 21:00:00.499121-03
921	921	7	86	PF	2021-09-03 12:52:00-03	334.41	297.92	2022-12-29 20:59:59.728015-03
922	922	7	86	PF	2022-08-17 08:05:00-03	38032.11	36903.26	2022-12-29 21:00:00.103515-03
931	931	7	86	PF	2020-09-14 11:09:00-03	16674.27	16089.49	2022-12-29 21:00:00.401417-03
949	949	7	86	PF	2016-07-07 07:30:00-03	762.50	635.62	2021-12-26 05:41:06-03
961	961	7	86	PF	2020-05-13 08:41:00-03	91464.29	91423.61	2022-12-29 20:59:59.488865-03
962	962	7	86	PF	2022-07-19 12:11:00-03	15163.99	15247.75	2022-12-29 20:59:59.609314-03
978	978	7	86	PF	2022-03-07 11:38:00-03	15455.42	15291.84	2022-12-29 21:00:00.122916-03
985	985	7	86	PF	2018-01-18 13:15:00-02	24814.11	22495.77	2021-06-25 21:54:13-03
30	30	8	33	PF	2018-01-26 12:53:00-02	129.66	957.15	2022-12-29 21:00:00.024953-03
475	475	8	33	PF	2020-05-04 10:45:00-03	82402.71	82534.20	2022-12-29 20:59:59.304362-03
858	858	8	33	PF	2018-11-28 09:24:00-02	628.78	297.11	2022-04-14 13:47:44-03
38	38	8	35	PF	2021-08-23 09:15:00-03	31493.59	31765.42	2022-12-29 21:00:00.550629-03
125	125	8	35	PF	2019-04-08 09:41:00-03	10863.58	12932.35	2022-12-29 20:59:57-03
428	428	8	35	PF	2019-11-27 11:29:00-03	61602.49	56521.82	2022-12-29 20:59:59.96624-03
526	526	8	35	PF	2018-09-16 12:21:00-03	37666.72	37588.75	2022-12-29 17:03:55-03
869	869	8	35	PF	2021-04-09 10:01:00-03	1807.35	1835.42	2022-12-29 20:59:59.261903-03
872	872	8	35	PF	2021-01-16 07:38:00-03	74.70	55.00	2022-12-29 21:00:00.875846-03
120	120	8	40	PF	2021-11-18 07:05:00-03	448.52	400.95	2022-12-29 20:59:59.02948-03
453	453	8	40	PF	2022-01-14 10:16:00-03	20.26	218.06	2022-12-29 20:59:59.573525-03
918	918	8	40	PF	2020-05-16 08:58:00-03	666.10	502.46	2022-12-29 19:20:07-03
209	209	8	51	PF	2021-02-07 09:38:00-03	21.63	8.36	2022-12-29 20:59:59.344628-03
407	407	8	51	PF	2019-05-18 10:18:00-03	6002.91	5776.05	2021-11-15 07:22:45-03
556	556	8	51	PF	2020-06-08 11:51:00-03	165.02	1003.86	2022-12-29 20:59:57-03
560	560	8	51	PF	2020-07-14 10:09:00-03	40.80	17.21	2022-12-11 19:19:08-03
950	950	8	51	PF	2020-10-23 11:33:00-03	184.49	67.75	2022-07-04 21:56:30-03
44	44	8	68	PF	2020-09-07 11:32:00-03	26049.30	24401.26	2022-11-05 18:31:22-03
639	639	8	68	PF	2020-04-16 10:45:00-03	119106.69	122899.57	2022-11-18 09:13:00-03
736	736	8	68	PF	2021-11-06 12:31:00-03	6682.74	6102.12	2022-12-29 20:59:59.081001-03
825	825	8	68	PF	2022-04-28 11:01:00-03	8502.88	7492.98	2022-12-29 21:00:00.772394-03
69	69	8	80	PF	2019-10-26 11:52:00-03	152.50	103.48	2022-12-29 20:59:59.509262-03
288	288	8	80	PF	2018-10-08 07:40:00-03	527.60	437.70	2022-12-29 21:00:00.730093-03
359	359	8	80	PF	2019-01-15 09:27:00-02	60095.91	57983.04	2022-05-10 17:02:31-03
644	644	8	80	PF	2022-11-06 09:02:00-03	651.23	610.89	2022-12-29 21:00:00.212304-03
693	693	8	80	PF	2020-01-21 10:12:00-03	162.09	75.28	2022-12-29 20:59:59.334376-03
743	743	8	80	PF	2019-05-06 08:39:00-03	14112.22	12225.51	2022-12-29 20:40:09-03
50	50	8	94	PF	2021-11-17 13:16:00-03	292.62	92.12	2022-12-29 21:00:00.263525-03
672	672	8	94	PF	2019-07-14 09:16:00-03	15905.06	14492.84	2022-12-29 20:59:55-03
853	853	8	94	PF	2020-11-21 08:32:00-03	232.55	223.73	2022-12-29 21:00:00.86864-03
253	253	9	1	PF	2022-05-27 08:17:00-03	324.39	232.78	2022-12-29 21:00:00.299986-03
313	313	9	1	PF	2022-08-22 10:17:00-03	4056.66	4254.34	2022-12-29 20:59:59.033326-03
591	591	9	1	PF	2022-05-19 08:46:00-03	20638.03	19948.77	2022-12-29 21:00:00.46683-03
793	793	9	1	PF	2020-05-03 12:46:00-03	19031.04	19194.43	2022-12-29 21:00:00.087299-03
815	815	9	1	PF	2021-06-21 11:04:00-03	174.40	124.26	2022-12-29 20:59:59.904627-03
111	111	9	11	PF	2021-11-02 08:34:00-03	8803.35	8911.52	2022-12-29 21:00:00.70592-03
652	652	9	11	PF	2020-10-23 12:23:00-03	88153.38	80069.18	2022-08-29 13:01:05-03
726	726	9	11	PF	2019-11-06 12:14:00-03	6821.06	7092.00	2022-12-29 21:00:00.545392-03
25	25	9	25	PF	2022-09-04 07:40:00-03	9489.89	9647.99	2022-12-29 20:59:59.761029-03
132	132	9	25	PF	2022-08-18 08:53:00-03	57047.00	57686.22	2022-12-29 21:00:00.794804-03
585	585	9	25	PF	2022-10-20 08:04:00-03	44649.39	40913.97	2022-12-29 21:00:00.696077-03
96	96	9	38	PF	2022-08-15 10:30:00-03	317.95	257.75	2022-12-29 20:59:59.221345-03
443	443	9	38	PF	2022-01-03 08:42:00-03	470.73	383.61	2022-12-29 20:59:59.742301-03
713	713	9	38	PF	2019-10-10 07:50:00-03	6769.58	6828.53	2022-12-29 20:59:59.698062-03
66	66	9	39	PF	2021-05-19 10:18:00-03	134.87	78.44	2022-06-23 23:32:39-03
321	321	9	39	PF	2020-04-24 07:58:00-03	706.22	444.63	2022-12-29 20:59:59.798756-03
916	916	9	39	PF	2020-01-17 08:30:00-03	20401.10	18537.45	2022-12-29 21:00:00.050997-03
947	947	9	39	PF	2022-09-02 12:11:00-03	36730.38	37095.21	2022-12-29 21:00:00.193547-03
10	10	9	75	PF	2020-11-03 11:04:00-03	30742.04	28682.48	2022-12-29 21:00:00.125945-03
34	34	9	75	PF	2022-08-02 12:03:00-03	31583.46	29187.79	2022-12-29 21:00:00.58848-03
711	711	9	75	PF	2022-12-08 11:47:00-03	342.77	235.76	2023-01-05 01:57:57.508429-03
278	278	9	90	PF	2020-04-17 12:47:00-03	47525.72	47220.72	2022-12-29 20:59:59.45867-03
512	512	9	90	PF	2020-05-12 09:40:00-03	5687.07	4791.86	2022-02-06 11:04:31-03
648	648	9	90	PF	2021-07-28 12:32:00-03	5011.14	4585.31	2022-12-29 21:00:00.611082-03
904	904	9	90	PF	2020-12-16 11:36:00-03	153177.78	143607.04	2022-12-29 05:00:16-03
41	41	9	91	PF	2020-02-28 09:44:00-03	53.16	91.53	2022-12-29 21:00:00.427258-03
79	79	9	91	PF	2022-12-03 07:51:00-03	883.05	642.80	2022-12-29 21:00:00.072279-03
136	136	9	91	PF	2021-03-24 10:43:00-03	34431.60	32145.32	2022-12-29 20:59:59.053442-03
257	257	9	91	PF	2021-05-20 11:11:00-03	2937.33	2641.36	2022-12-29 21:00:00.442241-03
770	770	9	91	PF	2022-04-04 09:34:00-03	62511.09	29401.58	2022-12-29 20:59:59.127275-03
466	466	10	8	PF	2022-10-26 11:13:00-03	7847.42	9351.63	2022-12-29 21:00:00.319185-03
764	764	10	8	PF	2022-09-08 08:06:00-03	65495.19	64823.14	2022-12-29 20:59:59.964121-03
488	488	10	18	PF	2022-07-16 07:16:00-03	8663.61	6836.57	2022-12-29 21:00:00.966349-03
395	395	10	95	PF	2022-12-01 12:27:00-03	23156.21	21578.33	2022-12-29 21:00:00.607818-03
355	355	10	100	PF	2022-10-22 11:50:00-03	10680.15	10336.34	2022-12-29 20:59:59.739032-03